Date,SessionTime,DriverAhead,DistanceToDriverAhead,Time,RPM,Speed,nGear,Throttle,Brake,DRS,Source,Distance,RelativeDistance,Status,X,Y,Z
2024-09-01 14:03:42.772,0 days 01:55:58.853000,,917.1475000000004,0 days 00:00:00,11229.17251136,314.04250048,8,100.0,False,0,interpolation,0.2666646566685417,4.62095740319656e-05,OnTrack,-1376.7050085228798,-710.7659514269484,1871.1297947404369
2024-09-01 14:03:42.833,0 days 01:55:58.914000,,917.1475000000004,0 days 00:00:00.061000,11240.0,314.5,8,100.0,False,0,car,5.653888888888893,0.0009797466242568,OnTrack,-1372.7274966790117,-664.2902346212308,1871.3119902468752
2024-09-01 14:03:42.969,0 days 01:55:59.050000,,917.1475000000004,0 days 00:00:00.197000,11280.044444444444,315.2555555555556,8,100.0,False,0,pos,17.68519994804546,0.0030646189355536,OnTrack,-1363.0,-553.0,1872.0
2024-09-01 14:03:43.109,0 days 01:55:59.190000,,917.1475000000004,0 days 00:00:00.337000,11321.266666666666,316.03333333333336,8,100.0,False,0,pos,30.09729156720772,0.005215475647248,OnTrack,-1352.0,-429.0,1873.0
2024-09-01 14:03:43.193,0 days 01:55:59.274000,44.0,917.1475000000004,0 days 00:00:00.421000,11346.0,316.5,8,100.0,False,0,car,37.55388888888889,0.0065076085840514,OnTrack,-1345.615496747466,-354.48525790003333,1873.427223498887
2024-09-01 14:03:43.349,0 days 01:55:59.430000,44.0,906.7041666666668,0 days 00:00:00.577000,11353.8,317.475,8,100.0,False,0,pos,51.4202215709857,0.0089104666704219,OnTrack,-1334.0,-217.0,1874.0
2024-09-01 14:03:43.353,0 days 01:55:59.434000,44.0,906.4363888888892,0 days 00:00:00.581000,11354.0,317.5,8,100.0,False,0,car,51.77611111111111,0.008972137775461,OnTrack,-1333.6940452404804,-213.4696890445326,1874.0174182809253
2024-09-01 14:03:43.589,0 days 01:55:59.670000,44.0,890.8997222222225,0 days 00:00:00.817000,11343.183333333332,318.4833333333333,8,100.0,False,0,pos,72.81822925218329,0.0126184676947568,OnTrack,-1315.0,-5.0,1875.0
2024-09-01 14:03:43.593,0 days 01:55:59.674000,44.0,890.6363888888892,0 days 00:00:00.821000,11343.0,318.5,8,100.0,False,0,car,73.17611111111111,0.0126804840431602,OnTrack,-1314.678218742733,-1.4781753951523555,1875.0043743144315
2024-09-01 14:03:43.750,0 days 01:55:59.831000,44.0,880.3877652444447,0 days 00:00:00.978000,11415.22008832,320.07000192,8,100.0,False,0,pos,87.25782731252092,0.0151206653384077,OnTrack,-1302.0,137.0,1875.0
2024-09-01 14:03:43.793,0 days 01:55:59.874000,44.0,877.5808333333337,0 days 00:00:01.021000,11435.0,320.5,8,100.0,False,0,car,91.12055555555555,0.0157900267338841,OnTrack,-1298.517300378572,175.5512709361142,1875.1526225715204
2024-09-01 14:03:44.030,0 days 01:56:00.111000,44.0,862.702487946667,0 days 00:00:01.258000,11463.8843984,321.2406256,8,100.0,False,0,pos,112.4349723089017,0.0194835425196531,OnTrack,-1280.0,387.0,1877.0
2024-09-01 14:03:44.113,0 days 01:56:00.194000,44.0,857.4919444444448,0 days 00:00:01.341000,11474.0,321.5,8,100.0,False,0,car,119.92055555555557,0.0207806983464886,OnTrack,-1274.370419014028,454.93801448124776,1877.4735300668456
2024-09-01 14:03:44.230,0 days 01:56:00.311000,44.0,850.7969334577781,0 days 00:00:01.458000,11471.65999616,322.08500096,8,100.0,False,0,pos,130.49698818622528,0.0226134588358118,OnTrack,-1265.0,567.0,1878.0
2024-09-01 14:03:44.450,0 days 01:56:00.531000,44.0,838.208059217778,0 days 00:00:01.678000,11467.26000128,323.18499968,8,100.0,False,0,pos,150.4359988307044,0.0260686343360486,OnTrack,-1238.0,873.0,1879.0
2024-09-01 14:03:44.513,0 days 01:56:00.594000,44.0,834.6030555555558,0 days 00:00:01.741000,11466.0,323.5,8,100.0,False,0,car,156.14277777777778,0.02705754613086,OnTrack,-1232.524126051031,934.8964882766832,1879.2458401132096
2024-09-01 14:03:44.713,0 days 01:56:00.794000,44.0,823.7697222222225,0 days 00:00:01.941000,11513.0,323.5,8,100.0,False,0,car,174.2538888888889,0.0301959700230457,OnTrack,-1225.0652688211794,1020.7343153004324,1879.897001919683
2024-09-01 14:03:44.890,0 days 01:56:00.971000,44.0,814.6247255288891,0 days 00:00:02.118000,11533.649992533334,324.2374997333333,8,100.0,False,0,pos,190.3249601982823,0.03298088111221,OnTrack,-1213.0,1162.0,1881.0
2024-09-01 14:03:44.953,0 days 01:56:01.034000,44.0,811.3697222222224,0 days 00:00:02.181000,11541.0,324.5,8,100.0,False,0,car,196.05388888888888,0.0339736311742533,OnTrack,-1205.3710105623215,1250.959839021099,1881.5921455173907
2024-09-01 14:03:45.110,0 days 01:56:01.191000,44.0,804.086659221179,0 days 00:00:02.338000,11590.2163512544,324.992163512544,8,100.0,False,0,pos,210.3465429620242,0.0364503653045162,OnTrack,-1185.0,1488.0,1883.0
2024-09-01 14:03:45.272,0 days 01:56:01.353000,44.0,796.5716666666669,0 days 00:00:02.500000,11641.0,325.5,8,100.0,False,0,car,225.1183333333333,0.0390101276265106,OnTrack,-1177.9125970632,1569.3549363721552,1883.0215248629413
2024-09-01 14:03:45.390,0 days 01:56:01.471000,44.0,791.3927721600003,0 days 00:00:02.618000,11618.3833088,325.9916672,8,100.0,False,0,pos,235.8936191493733,0.0408773468292818,OnTrack,-1174.0,1616.0,1883.0
2024-09-01 14:03:45.512,0 days 01:56:01.593000,44.0,786.0383333333336,0 days 00:00:02.740000,11595.0,326.5,8,100.0,False,0,car,247.05166666666668,0.0428108937388876,OnTrack,-1165.3803883004034,1720.88932642915,1883.5756428772852
2024-09-01 14:03:45.590,0 days 01:56:01.671000,44.0,782.8749948088891,0 days 00:00:02.818000,11617.100036266667,326.8250005333333,8,100.0,False,0,pos,254.19690575881555,0.0440490722771674,OnTrack,-1159.0,1798.0,1884.0
2024-09-01 14:03:45.752,0 days 01:56:01.833000,44.0,776.3050000000003,0 days 00:00:02.980000,11663.0,327.5,8,100.0,False,0,car,269.0516666666667,0.0466232123318494,OnTrack,-1146.3555530114372,1947.489341469995,1884.5626559158052
2024-09-01 14:03:45.870,0 days 01:56:01.951000,44.0,771.7816617600004,0 days 00:00:03.098000,11690.14002944,327.5,8,100.0,False,0,pos,279.86599937796467,0.048497197862111,OnTrack,-1137.0,2053.0,1885.0
2024-09-01 14:03:45.952,0 days 01:56:02.033000,44.0,768.6383333333337,0 days 00:00:03.180000,11709.0,327.5,8,100.0,False,0,car,287.38500000000005,0.0498001444926509,OnTrack,-1130.1711898146066,2126.839682524278,1885.432768300532
2024-09-01 14:03:46.050,0 days 01:56:02.131000,44.0,765.2355600000003,0 days 00:00:03.278000,11712.91999488,327.74499968,8,100.0,False,0,pos,296.3814132544128,0.0513591078344584,OnTrack,-1122.0,2217.0,1886.0
2024-09-01 14:03:46.250,0 days 01:56:02.331000,44.0,758.291115555556,0 days 00:00:03.478000,11720.91999488,328.24499968,8,100.0,False,0,pos,314.77315687776144,0.0545461617513801,OnTrack,-1107.0,2400.0,1887.0
2024-09-01 14:03:46.352,0 days 01:56:02.433000,44.0,754.7494444444449,0 days 00:00:03.580000,11725.0,328.5,8,100.0,False,0,car,324.1627777777778,0.0561732629485617,OnTrack,-1100.942747669121,2466.480032463886,1887.477967608837
2024-09-01 14:03:46.450,0 days 01:56:02.531000,44.0,751.5916707911115,0 days 00:00:03.678000,11729.355549866666,328.77222186666665,8,100.0,False,0,pos,333.1893247137433,0.0577374480719355,OnTrack,-1095.0,2532.0,1888.0
2024-09-01 14:03:46.609,0 days 01:56:02.690000,44.0,746.4683353955559,0 days 00:00:03.837000,11736.42221937778,329.2138887111111,8,100.0,False,0,pos,347.8482286794157,0.0602776486237889,OnTrack,-1083.0,2679.0,1889.0
2024-09-01 14:03:46.712,0 days 01:56:02.793000,44.0,743.1494444444447,0 days 00:00:03.940000,11741.0,329.5,8,100.0,False,0,car,357.3627777777778,0.0619263982797586,OnTrack,-1074.873484512802,2775.4950602542394,1889.3672665927188
2024-09-01 14:03:46.872,0 days 01:56:02.953000,44.0,738.1716666666671,0 days 00:00:04.100000,11707.0,330.5,8,100.0,False,0,car,372.16277777777776,0.0644910489695692,OnTrack,-1062.1379512570263,2920.8518010634984,1889.631917441974
2024-09-01 14:03:46.949,0 days 01:56:03.030000,44.0,735.9258352000004,0 days 00:00:04.177000,11712.224995657143,330.22500022857145,8,100.0,False,0,pos,379.2703990883762,0.065722708827484,OnTrack,-1056.0,2992.0,1890.0
2024-09-01 14:03:47.089,0 days 01:56:03.170000,44.0,731.842501866667,0 days 00:00:04.317000,11721.724995657143,329.72500022857145,8,100.0,False,0,pos,392.1712055008352,0.0679582535615939,OnTrack,-1045.0,3121.0,1891.0
2024-09-01 14:03:47.152,0 days 01:56:03.233000,44.0,730.0050000000003,0 days 00:00:04.380000,11726.0,329.5,8,100.0,False,0,car,397.985,0.0689657097827223,OnTrack,-1040.401392280576,3173.2072905823,1891.278280106451
2024-09-01 14:03:47.369,0 days 01:56:03.450000,44.0,724.0977795200001,0 days 00:00:04.597000,11684.4083456,330.4041664,8,100.0,False,0,pos,418.0569811193933,0.072443927365406,OnTrack,-1022.0,3379.0,1892.0
2024-09-01 14:03:47.392,0 days 01:56:03.473000,44.0,723.4716666666668,0 days 00:00:04.620000,11680.0,330.5,8,100.0,False,0,car,420.18500000000006,0.0728126858174383,OnTrack,-1019.0898611162122,3412.809405672286,1892.2075651612968
2024-09-01 14:03:47.549,0 days 01:56:03.630000,44.0,719.4158349866669,0 days 00:00:04.777000,11757.5187184,330.5,8,100.0,False,0,pos,434.7074388828421,0.0753292387159933,OnTrack,-997.0,3673.0,1894.0
2024-09-01 14:03:47.552,0 days 01:56:03.633000,44.0,719.3383333333336,0 days 00:00:04.780000,11759.0,330.5,8,100.0,False,0,car,434.98500000000007,0.075377336507249,OnTrack,-996.6491036712152,3677.141163704067,1894.0262699894208
2024-09-01 14:03:47.793,0 days 01:56:03.874000,44.0,713.4472222222225,0 days 00:00:05.021000,11706.0,330.5,8,100.0,False,0,car,457.2775,0.0792403416087763,OnTrack,-981.6419506020512,3853.644548438583,1894.5716686386368
2024-09-01 14:03:47.953,0 days 01:56:04.034000,44.0,709.7583333333337,0 days 00:00:05.181000,11700.0,329.5,8,100.0,False,0,car,472.0330555555556,0.0817972906448638,OnTrack,-975.7094985628506,3921.06054021268,1894.575052381136
2024-09-01 14:03:48.029,0 days 01:56:04.110000,44.0,708.0483333333336,0 days 00:00:05.257000,11713.775,329.5,8,100.0,False,0,pos,479.0438690210863,0.0830121749415196,OnTrack,-970.0,3986.0,1895.0
2024-09-01 14:03:48.113,0 days 01:56:04.194000,44.0,706.1583333333335,0 days 00:00:05.341000,11729.0,329.5,8,100.0,False,0,car,486.7886111111112,0.0843542396809512,OnTrack,-961.5227483064,4082.440817288111,1895.7869009691
2024-09-01 14:03:48.229,0 days 01:56:04.310000,44.0,703.7738888888891,0 days 00:00:05.457000,11703.866666666669,329.01666666666665,8,100.0,False,0,pos,497.4604892650992,0.0862035396585999,OnTrack,-949.0,4225.0,1897.0
2024-09-01 14:03:48.353,0 days 01:56:04.434000,44.0,701.2250000000004,0 days 00:00:05.581000,11677.0,328.5,8,100.0,False,0,car,508.8552777777778,0.0881781107544978,OnTrack,-939.438086423994,4334.11717157818,1897.7573361861296
2024-09-01 14:03:48.553,0 days 01:56:04.634000,44.0,697.391666666667,0 days 00:00:05.781000,11650.0,328.5,8,100.0,False,0,car,527.2441666666667,0.0913646699824532,OnTrack,-928.0719432096148,4467.937612908655,1898.011462280144
2024-09-01 14:03:48.569,0 days 01:56:04.650000,44.0,697.1161111111114,0 days 00:00:05.797000,11652.145454545454,328.5,8,100.0,False,0,pos,528.715772408076,0.0916196804337933,OnTrack,-927.0,4481.0,1898.0
2024-09-01 14:03:48.729,0 days 01:56:04.810000,44.0,694.360555555556,0 days 00:00:05.957000,11673.6,328.5,8,100.0,False,0,pos,543.4357039810537,0.0941704562893746,OnTrack,-915.0,4628.0,1898.0
2024-09-01 14:03:48.929,0 days 01:56:05.010000,44.0,690.9161111111115,0 days 00:00:06.157000,11700.418181818182,328.5,8,100.0,False,0,pos,561.8257793076248,0.0973572211118044,OnTrack,-899.0,4811.0,1900.0
2024-09-01 14:03:48.993,0 days 01:56:05.074000,44.0,689.8138888888893,0 days 00:00:06.221000,11709.0,328.5,8,100.0,False,0,car,567.6997222222224,0.0983751002839551,OnTrack,-893.7532971922881,4869.687195075376,1900.109750043348
2024-09-01 14:03:49.089,0 days 01:56:05.170000,44.0,688.2672222222226,0 days 00:00:06.317000,11697.0,328.1,8,100.0,False,0,pos,576.5002876591702,0.0999001257041303,OnTrack,-886.0,4958.0,1900.0
2024-09-01 14:03:49.233,0 days 01:56:05.314000,44.0,685.9472222222225,0 days 00:00:06.461000,11679.0,327.5,8,100.0,False,0,car,589.6997222222224,0.1021874188769169,OnTrack,-875.236908479073,5089.960146078372,1900.672752867934
2024-09-01 14:03:49.289,0 days 01:56:05.370000,44.0,685.1383333333337,0 days 00:00:06.517000,11677.6,327.64,8,100.0,False,0,pos,594.8419605169289,0.1030785029978419,OnTrack,-871.0,5141.0,1901.0
2024-09-01 14:03:49.489,0 days 01:56:05.570000,44.0,682.2494444444447,0 days 00:00:06.717000,11672.6,328.14,8,100.0,False,0,pos,613.2449737778445,0.1062675097988015,OnTrack,-855.0,5323.0,1902.0
2024-09-01 14:03:49.633,0 days 01:56:05.714000,44.0,680.1694444444448,0 days 00:00:06.861000,11669.0,328.5,8,100.0,False,0,car,626.4775000000001,0.1085605373328277,OnTrack,-843.494028879182,5457.903965963673,1902.896232643056
2024-09-01 14:03:49.793,0 days 01:56:05.874000,44.0,677.991666666667,0 days 00:00:07.021000,11634.0,327.5,8,100.0,False,0,car,641.1441666666667,0.1111020830614689,OnTrack,-831.1827005361523,5602.591408322507,1903.914138761529
2024-09-01 14:03:49.809,0 days 01:56:05.890000,44.0,677.7872222222226,0 days 00:00:07.037000,11634.666666666666,327.5,8,100.0,False,0,pos,642.6105442079844,0.1113561875326083,OnTrack,-830.0,5616.0,1904.0
2024-09-01 14:03:50.029,0 days 01:56:06.110000,44.0,674.9761111111115,0 days 00:00:07.257000,11643.833333333334,327.5,8,100.0,False,0,pos,662.7774973539468,0.1148508625526875,OnTrack,-812.0,5817.0,1905.0
2024-09-01 14:03:50.033,0 days 01:56:06.114000,44.0,674.9250000000004,0 days 00:00:07.261000,11644.0,323.0,8,100.0,False,0,car,663.1441666666667,0.1149144016544307,OnTrack,-811.54091705507,5822.347132660757,1905.0196296105723
2024-09-01 14:03:50.229,0 days 01:56:06.310000,44.0,672.5838888888892,0 days 00:00:07.457000,11652.33,323.0,8,100.0,False,0,pos,681.1094490297735,0.1180275552899162,OnTrack,-786.0,6127.0,1906.0
2024-09-01 14:03:50.433,0 days 01:56:06.514000,44.0,670.1472222222225,0 days 00:00:07.661000,11661.0,323.0,8,100.0,False,0,car,699.8108333333333,0.1212682659760336,OnTrack,-776.8931970187928,6234.169447727771,1906.4085620362864
2024-09-01 14:03:50.550,0 days 01:56:06.631000,44.0,668.8797201422226,0 days 00:00:07.778000,11608.3499136,323.0,8,100.0,False,0,pos,710.5391924821893,0.1231273533876316,OnTrack,-772.0,6292.0,1907.0
2024-09-01 14:03:50.593,0 days 01:56:06.674000,44.0,668.4138888888892,0 days 00:00:07.821000,11589.0,323.0,8,100.0,False,0,car,714.4775,0.1238098117046748,OnTrack,-769.0465315677391,6327.3645383884905,1907.3692463447585
2024-09-01 14:03:50.833,0 days 01:56:06.914000,44.0,665.8805555555559,0 days 00:00:08.061000,11537.0,322.0,8,100.0,False,0,car,736.4108333333334,0.1276105778170519,OnTrack,-745.522120697403,6609.914660035468,1909.9246690460536
2024-09-01 14:03:50.850,0 days 01:56:06.931000,44.0,665.7388894222225,0 days 00:00:08.078000,11514.60258432,321.7875008,8,95.750016,False,0,pos,737.9654617682722,0.1278799750392184,OnTrack,-744.0,6628.0,1910.0
2024-09-01 14:03:51.030,0 days 01:56:07.111000,44.0,664.2388872888891,0 days 00:00:08.258000,11277.45224704,319.5374976,8,50.749952,False,0,pos,754.4486737720844,0.1307363048389395,OnTrack,-730.0,6792.0,1910.0
2024-09-01 14:03:51.233,0 days 01:56:07.314000,44.0,662.5472222222224,0 days 00:00:08.461000,11010.0,317.0,8,0.0,False,0,car,772.4108333333334,0.1338489173328075,OnTrack,-714.3909876550132,6973.331108318032,1910.8843353263971
2024-09-01 14:03:51.250,0 days 01:56:07.331000,44.0,662.5802776533335,0 days 00:00:08.478000,10954.183543466666,314.73334186666665,8,0.0,False,0,pos,773.8541944026628,0.1340990333437603,OnTrack,-713.0,6990.0,1911.0
2024-09-01 14:03:51.473,0 days 01:56:07.554000,44.0,663.0138888888889,0 days 00:00:08.701000,10222.0,285.0,8,0.0,False,0,car,791.8775,0.1372222416635495,OnTrack,-694.0187283279688,7225.054538731264,1912.7511393281789
2024-09-01 14:03:51.530,0 days 01:56:07.611000,44.0,663.7580545707003,0 days 00:00:08.758000,10144.451513288725,278.3887234831401,8,0.0,False,0,pos,796.1884981891264,0.13796928250676,OnTrack,-690.0,7274.0,1913.0
2024-09-01 14:03:51.790,0 days 01:56:07.871000,44.0,667.1525016763496,0 days 00:00:09.018000,9790.720828444724,248.23196002869767,8,0.0,True,0,pos,814.3426519870029,0.1411151651459932,OnTrack,-677.0,7423.0,1913.0
2024-09-01 14:03:51.792,0 days 01:56:07.873000,44.0,667.1786111111114,0 days 00:00:09.020000,9788.0,248.0,8,0.0,True,0,car,814.4733333333334,0.1411378105517373,OnTrack,-676.8994734360452,7424.180135422388,1913.0041772988989
2024-09-01 14:03:52.010,0 days 01:56:08.091000,44.0,672.3258303111115,0 days 00:00:09.238000,9877.9249472,222.7937648,8,0.0,True,0,pos,827.9406861258194,0.1434715305266814,OnTrack,-665.0,7568.0,1914.0
2024-09-01 14:03:52.112,0 days 01:56:08.193000,44.0,674.7341666666671,0 days 00:00:09.340000,9920.0,211.0,8,0.0,True,0,car,833.8511111111111,0.1444957315750329,OnTrack,-659.6323766794072,7631.593086631972,1914.340467300593
2024-09-01 14:03:52.312,0 days 01:56:08.393000,44.0,680.734166666667,0 days 00:00:09.540000,10271.0,190.0,8,0.0,True,0,car,844.7955555555556,0.1463922638043598,OnTrack,-649.8428142007901,7742.777694863802,1914.9096862217853
2024-09-01 14:03:52.330,0 days 01:56:08.411000,44.0,681.3791620800002,0 days 00:00:09.558000,10269.875008,187.750016,8,0.0,True,0,pos,845.7176526674505,0.1465520514390959,OnTrack,-649.0,7752.0,1915.0
2024-09-01 14:03:52.472,0 days 01:56:08.553000,44.0,686.4675000000002,0 days 00:00:09.700000,10261.0,170.0,8,0.0,True,0,car,852.6622222222222,0.1477554565133583,OnTrack,-642.0987282910224,7823.063181640831,1915.895370145655
2024-09-01 14:03:52.490,0 days 01:56:08.571000,44.0,687.1724949866668,0 days 00:00:09.718000,10325.5745408,168.7625088,8,0.0,True,0,pos,853.5205952491665,0.1479042015792818,OnTrack,-641.0,7833.0,1916.0
2024-09-01 14:03:52.632,0 days 01:56:08.713000,44.0,692.7341666666669,0 days 00:00:09.860000,10835.0,159.0,6,0.0,True,0,car,860.04,0.149033931031402,OnTrack,-629.8055999339846,7923.1703954409,1916.6268220935945
2024-09-01 14:03:52.750,0 days 01:56:08.831000,44.0,698.5686174400001,0 days 00:00:09.978000,10667.218568,146.093736,6,0.0,True,0,pos,864.7409172513189,0.1498485398605464,OnTrack,-619.0,7994.0,1917.0
2024-09-01 14:03:52.952,0 days 01:56:09.033000,44.0,708.556388888889,0 days 00:00:10.180000,10380.0,124.0,3,0.0,True,0,car,871.6844444444445,0.1510517643068687,OnTrack,-600.7782247847857,8070.691537940527,1917.5447716828735
2024-09-01 14:03:53.129,0 days 01:56:09.210000,44.0,718.2913853688891,0 days 00:00:10.357000,9994.041806222222,115.6416696888889,3,0.0,True,0,pos,877.4456480908138,0.1520501072059092,OnTrack,-587.0,8111.0,1918.0
2024-09-01 14:03:53.312,0 days 01:56:09.393000,44.0,728.3563888888891,0 days 00:00:10.540000,9595.0,107.0,2,0.0,True,0,car,883.0844444444444,0.1530272384868579,OnTrack,-576.5616240069044,8143.131759265706,1918.51473144504
2024-09-01 14:03:53.472,0 days 01:56:09.553000,44.0,737.6008333333336,0 days 00:00:10.700000,9072.0,97.0,2,0.0,True,0,car,887.7066666666667,0.1538282104740661,OnTrack,-561.7176345887264,8172.066365008177,1918.903565315671
2024-09-01 14:03:53.569,0 days 01:56:09.650000,44.0,743.5824960533336,0 days 00:00:10.797000,8649.010993371428,93.18928822857144,2,0.0,True,0,pos,890.3259680532117,0.1542821019002704,OnTrack,-540.0,8200.0,1919.0
2024-09-01 14:03:53.729,0 days 01:56:09.810000,44.0,753.4491627200001,0 days 00:00:10.957000,7951.296707657143,86.90357394285716,2,0.0,True,0,pos,894.3766048784515,0.1549840254494612,OnTrack,-489.0,8257.0,1919.0
2024-09-01 14:03:53.752,0 days 01:56:09.833000,44.0,754.8675000000001,0 days 00:00:10.980000,7851.0,86.0,2,0.0,True,0,car,894.94,0.1550816546175096,OnTrack,-482.83398524487535,8263.425688005016,1919.0164603251696
2024-09-01 14:03:54.152,0 days 01:56:10.233000,44.0,780.7563888888891,0 days 00:00:11.380000,7175.0,76.0,2,0.0,True,0,car,904.1622222222225,0.1566797477650643,OnTrack,-431.2639767416832,8292.498033798116,1919.9583461194711
2024-09-01 14:03:54.189,0 days 01:56:10.270000,44.0,783.1922187844767,0 days 00:00:11.417000,7100.447866411261,75.44776197341675,2,0.0,True,0,pos,904.9919157018684,0.1568235230322877,OnTrack,-425.0,8294.0,1920.0
2024-09-01 14:03:54.353,0 days 01:56:10.434000,44.0,793.9888888888893,0 days 00:00:11.581000,6770.0,68.5,2,0.0,False,0,car,908.6288888888888,0.1574537639642413,OnTrack,-388.8803935318328,8303.89913420634,1920.0112759854117
2024-09-01 14:03:54.409,0 days 01:56:10.490000,44.0,797.7222222222226,0 days 00:00:11.637000,6787.181818181818,67.99090909090908,2,1.4,False,0,pos,909.8409894775422,0.1576638054919987,OnTrack,-376.0,8307.0,1920.0
2024-09-01 14:03:54.589,0 days 01:56:10.670000,44.0,809.7222222222225,0 days 00:00:11.817000,6842.409090909091,66.35454545454546,2,5.9,False,0,pos,913.625739860324,0.158319654321726,OnTrack,-337.0,8314.0,1920.0
2024-09-01 14:03:54.749,0 days 01:56:10.830000,44.0,820.3888888888891,0 days 00:00:11.977000,6891.5,64.9,2,9.9,False,0,pos,916.9797871408268,0.1589008678130502,OnTrack,-302.0,8321.0,1920.0
2024-09-01 14:03:54.793,0 days 01:56:10.874000,44.0,823.3222222222224,0 days 00:00:12.021000,6905.0,64.5,2,10.0,False,0,car,917.9177777777778,0.1590634095923808,OnTrack,-292.7715118527738,8323.279434658827,1920.002991268508
2024-09-01 14:03:54.989,0 days 01:56:11.070000,44.0,836.2255555555561,0 days 00:00:12.217000,7526.32,67.44,2,10.0,False,0,pos,922.2151685190644,0.1598080924389366,OnTrack,-254.0,8336.0,1920.0
2024-09-01 14:03:54.993,0 days 01:56:11.074000,44.0,836.4888888888894,0 days 00:00:12.221000,7539.0,67.5,2,29.0,False,0,car,922.3066666666668,0.1598239478975423,OnTrack,-253.22995311967205,8336.321100281199,1919.9984789589448
2024-09-01 14:03:55.089,0 days 01:56:11.170000,44.0,842.6755555555561,0 days 00:00:12.317000,7437.24,70.38,2,25.16,False,0,pos,924.5580549843428,0.1602140846949721,OnTrack,-235.0,8345.0,1920.0
2024-09-01 14:03:55.193,0 days 01:56:11.274000,44.0,849.3777777777783,0 days 00:00:12.421000,7327.0,73.5,2,21.0,False,0,car,927.0288888888888,0.1606422486056276,OnTrack,-216.091743985696,8357.43499184251,1920.394933353627
2024-09-01 14:03:55.329,0 days 01:56:11.410000,44.0,858.2555555555559,0 days 00:00:12.557000,7169.628571428571,72.04285714285714,2,10.8,False,0,pos,930.1605076992852,0.1611849180882159,OnTrack,-194.0,8378.0,1921.0
2024-09-01 14:03:55.473,0 days 01:56:11.554000,44.0,867.6555555555558,0 days 00:00:12.701000,7003.0,70.5,2,0.0,False,0,car,933.4066666666668,0.1617474359149003,OnTrack,-175.72282638330464,8403.898478916552,1920.977100016746
2024-09-01 14:03:55.489,0 days 01:56:11.570000,44.0,868.7088888888892,0 days 00:00:12.717000,6972.76,70.34,2,0.0,False,0,pos,933.7665088659996,0.1618097919652208,OnTrack,-174.0,8407.0,1921.0
2024-09-01 14:03:55.673,0 days 01:56:11.754000,44.0,880.8222222222226,0 days 00:00:12.901000,6625.0,73.0,2,0.0,False,0,car,937.8511111111112,0.1625176012872158,OnTrack,-158.32007632709843,8445.262772513013,1921.8645052038812
2024-09-01 14:03:55.709,0 days 01:56:11.790000,44.0,883.2522222222226,0 days 00:00:12.937000,6638.725,72.325,2,0.1124999999999999,False,0,pos,938.6205124430304,0.1626509286964488,OnTrack,-156.0,8453.0,1922.0
2024-09-01 14:03:55.993,0 days 01:56:12.074000,44.0,902.4222222222226,0 days 00:00:13.221000,6747.0,67.0,2,1.0,False,0,car,944.428888888889,0.1636574460382428,OnTrack,-144.4343430579469,8513.769024044195,1922.007193259512
2024-09-01 14:03:56.009,0 days 01:56:12.090000,44.0,903.4933333333336,0 days 00:00:13.237000,6682.0,67.06666666666666,2,1.9333333333333331,False,0,pos,944.7570371044716,0.1637143099265843,OnTrack,-144.0,8517.0,1922.0
2024-09-01 14:03:56.049,0 days 01:56:12.130000,44.0,906.1711111111116,0 days 00:00:13.277000,6519.5,67.23333333333333,2,4.266666666666667,False,0,pos,945.5801398288992,0.1638569431002321,OnTrack,-143.0,8525.0,1922.0
2024-09-01 14:03:56.233,0 days 01:56:12.314000,44.0,918.4888888888892,0 days 00:00:13.461000,5772.0,68.0,3,10.0,False,0,car,949.428888888889,0.1645238820820977,OnTrack,-141.0474635757273,8564.193078484153,1922.881989435573
2024-09-01 14:03:56.269,0 days 01:56:12.350000,44.0,920.8688888888892,0 days 00:00:13.497000,5826.9,68.54,3,17.52,False,0,pos,950.1975984130892,0.1646570896099021,OnTrack,-141.0,8572.0,1923.0
2024-09-01 14:03:56.433,0 days 01:56:12.514000,44.0,931.7111111111112,0 days 00:00:13.661000,6077.0,71.0,3,29.0,False,0,car,953.7622222222224,0.1652747933201054,OnTrack,-141.8139057975683,8607.496217419393,1922.9928835307676
2024-09-01 14:03:56.449,0 days 01:56:12.530000,44.0,932.7511111111112,0 days 00:00:13.677000,6098.2,71.24,3,29.88,False,0,pos,954.1146838216896,0.165335870406876,OnTrack,-142.0,8611.0,1923.0
2024-09-01 14:03:56.633,0 days 01:56:12.714000,44.0,944.7111111111112,0 days 00:00:13.861000,6342.0,74.0,3,40.0,False,0,car,958.2622222222224,0.1660545857595748,OnTrack,-145.60677554301805,8652.106618676953,1923.5265766055693
2024-09-01 14:03:56.789,0 days 01:56:12.870000,44.0,954.3311111111112,0 days 00:00:14.017000,6724.2,78.29,3,48.19,False,0,pos,962.0347325613282,0.1667083135462982,OnTrack,-151.0,8688.0,1924.0
2024-09-01 14:03:57.030,0 days 01:56:13.111000,44.0,969.1927896177782,0 days 00:00:14.258000,7314.6504704,84.91750528,3,60.84251008,False,0,pos,968.4007070129336,0.1678114554901243,OnTrack,-163.0,8747.0,1924.0
2024-09-01 14:03:57.033,0 days 01:56:13.114000,44.0,969.3777777777782,0 days 00:00:14.261000,7322.0,89.5,3,61.0,False,0,car,968.4844444444444,0.1678259661159005,OnTrack,-163.150432182894,8747.81830434008,1923.9998743511012
2024-09-01 14:03:57.070,0 days 01:56:13.151000,44.0,971.4744553244448,0 days 00:00:14.298000,7486.55835392,91.16500864,3,62.8500096,False,0,pos,969.526418039566,0.1680065268118122,OnTrack,-165.0,8758.0,1924.0
2024-09-01 14:03:57.410,0 days 01:56:13.491000,44.0,990.7411074844446,0 days 00:00:14.638000,8998.70721536,106.46499712,3,79.8499968,False,0,pos,979.9406269418538,0.1698111760040476,OnTrack,-189.0,8853.0,1924.0
2024-09-01 14:03:57.433,0 days 01:56:13.514000,44.0,992.0444444444446,0 days 00:00:14.661000,9101.0,107.5,3,81.0,False,0,car,980.7066666666668,0.1699439208897682,OnTrack,-191.74918093653687,8863.039706637552,1924.06860892202
2024-09-01 14:03:57.650,0 days 01:56:13.731000,44.0,1001.5080527644446,0 days 00:00:14.878000,9947.2997504,119.555552,3,88.2333312,False,0,pos,988.3328770124102,0.1712654455940825,OnTrack,-221.0,8970.0,1925.0
2024-09-01 14:03:57.793,0 days 01:56:13.874000,44.0,1007.7444444444446,0 days 00:00:15.021000,10505.0,127.5,3,93.0,False,0,car,993.7066666666668,0.172196654603791,OnTrack,-231.6901506448941,9009.54198246406,1925.1775223301497
2024-09-01 14:03:57.953,0 days 01:56:14.034000,44.0,1012.7666666666668,0 days 00:00:15.181000,10785.0,139.5,3,100.0,False,0,car,1000.0177777777778,0.173290289432479,OnTrack,-239.3551672477512,9039.458452113731,1925.03357213808
2024-09-01 14:03:57.990,0 days 01:56:14.071000,44.0,1013.6813936355558,0 days 00:00:15.218000,10891.067217066666,141.0416746666667,3,100.0,False,0,pos,1001.5241510992388,0.1735513246607221,OnTrack,-242.0,9050.0,1925.0
2024-09-01 14:03:58.150,0 days 01:56:14.231000,44.0,1017.6369491911116,0 days 00:00:15.378000,11349.733883733334,147.70834133333332,3,100.0,False,0,pos,1008.2620956801842,0.1747189242700077,OnTrack,-258.0,9114.0,1925.0
2024-09-01 14:03:58.193,0 days 01:56:14.274000,44.0,1018.7000000000004,0 days 00:00:15.421000,11473.0,149.5,3,100.0,False,0,car,1010.1511111111112,0.1750462664813584,OnTrack,-264.0077419512505,9137.774670719744,1925.1531433263724
2024-09-01 14:03:58.470,0 days 01:56:14.551000,44.0,1020.6236124444446,0 days 00:00:15.698000,10722.1316224,164.339296,3,100.0,False,0,pos,1022.998595995718,0.1772725712767394,OnTrack,-309.0,9315.0,1927.0
2024-09-01 14:03:58.473,0 days 01:56:14.554000,44.0,1020.6444444444446,0 days 00:00:15.701000,10714.0,164.5,3,100.0,False,0,car,1023.14,0.1772970747819505,OnTrack,-309.3270037647586,9316.31208261437,1927.0093551906864
2024-09-01 14:03:58.672,0 days 01:56:14.753000,44.0,1020.5891666666666,0 days 00:00:15.900000,10889.0,169.5,4,100.0,False,0,car,1032.647777777778,0.1789446510546765,OnTrack,-321.07860168644373,9365.837827682975,1926.9259056166768
2024-09-01 14:03:58.770,0 days 01:56:14.851000,44.0,1019.3913904533332,0 days 00:00:15.998000,11130.0184352,174.7062432,4,100.0,False,0,pos,1037.6163776115643,0.1798056458513733,OnTrack,-327.0,9392.0,1927.0
2024-09-01 14:03:58.970,0 days 01:56:15.051000,44.0,1016.9469460088887,0 days 00:00:16.198000,11621.8934352,185.3312432,4,100.0,False,0,pos,1048.2641814708386,0.1816507740616879,OnTrack,-349.0,9492.0,1928.0
2024-09-01 14:03:58.992,0 days 01:56:15.073000,44.0,1016.6780555555554,0 days 00:00:16.220000,11676.0,186.5,4,100.0,False,0,car,1049.447777777778,0.1818558761620291,OnTrack,-352.2210894109186,9508.236173358486,1928.1166697111305
2024-09-01 14:03:59.190,0 days 01:56:15.271000,44.0,1013.2130533155548,0 days 00:00:16.418000,11938.3501696,193.43000448,4,100.0,False,0,pos,1060.2254827654017,0.1837235145762916,OnTrack,-384.0,9684.0,1929.0
2024-09-01 14:03:59.192,0 days 01:56:15.273000,44.0,1013.1780555555548,0 days 00:00:16.420000,11941.0,193.5,4,100.0,False,0,car,1060.336666666667,0.1837427813242021,OnTrack,-384.2714252435336,9685.668778522007,1929.0070769903805
2024-09-01 14:03:59.472,0 days 01:56:15.553000,44.0,1006.878055555555,0 days 00:00:16.700000,10961.0,203.5,5,100.0,False,0,car,1076.3588888888892,0.1865192274913995,OnTrack,-407.4092187407032,9871.009120284363,1929.6313827073136
2024-09-01 14:03:59.650,0 days 01:56:15.731000,44.0,1002.3786143466664,0 days 00:00:16.878000,10843.52008448,207.05999744,5,100.0,False,0,pos,1086.7344322465322,0.1883171764393279,OnTrack,-414.0,9947.0,1930.0
2024-09-01 14:03:59.672,0 days 01:56:15.753000,44.0,1001.8224999999998,0 days 00:00:16.900000,10829.0,207.5,5,100.0,False,0,car,1088.0255555555557,0.1885409115937277,OnTrack,-414.6586526013371,9954.448274613447,1930.0577057348264
2024-09-01 14:03:59.832,0 days 01:56:15.913000,44.0,997.4224999999996,0 days 00:00:17.060000,11032.0,210.5,5,100.0,False,0,car,1097.4922222222224,0.1901813638367597,OnTrack,-418.4328348180188,9996.585051324724,1930.5558100060573
2024-09-01 14:03:59.969,0 days 01:56:16.050000,44.0,993.3125019199996,0 days 00:00:17.197000,11298.46487552,214.60999808,5,100.0,False,0,pos,1105.7614335296992,0.1916143123829699,OnTrack,-421.0,10055.0,1931.0
2024-09-01 14:04:00.032,0 days 01:56:16.113000,44.0,991.4224999999994,0 days 00:00:17.260000,11421.0,216.5,5,100.0,False,0,car,1109.6588888888891,0.1922896915434735,OnTrack,-422.1338610158864,10097.0270049272,1931.190378048859
2024-09-01 14:04:00.309,0 days 01:56:16.390000,44.0,981.5736133866664,0 days 00:00:17.537000,11579.4093384,228.6187472,5,100.0,False,0,pos,1127.556548513815,0.1953911270234101,OnTrack,-426.0,10321.0,1932.0
2024-09-01 14:04:00.352,0 days 01:56:16.433000,44.0,980.044722222222,0 days 00:00:17.580000,11604.0,230.5,5,100.0,False,0,car,1130.37,0.1958786621784637,OnTrack,-426.2297464318848,10341.579781729622,1932.1421741425893
2024-09-01 14:04:00.512,0 days 01:56:16.593000,44.0,974.1336111111108,0 days 00:00:17.740000,10524.0,233.5,5,100.0,False,0,car,1140.858888888889,0.1976962524571283,OnTrack,-426.20349661800753,10383.702296260231,1932.7155432767572
2024-09-01 14:04:00.589,0 days 01:56:16.670000,44.0,971.2247246399996,0 days 00:00:17.817000,10650.66489472,235.4249984,5,100.0,False,0,pos,1145.970608714694,0.1985820481177614,OnTrack,-426.0,10413.0,1933.0
2024-09-01 14:04:00.712,0 days 01:56:16.793000,44.0,966.578055555555,0 days 00:00:17.940000,10853.0,238.5,6,100.0,False,0,car,1154.247777777778,0.2000163756412288,OnTrack,-425.5792324583718,10487.04534470027,1933.4571727958369
2024-09-01 14:04:00.849,0 days 01:56:16.930000,44.0,961.5927787827752,0 days 00:00:18.077000,11014.443950856485,242.47925230984293,6,100.0,False,0,pos,1163.6414850913832,0.2016441849616151,OnTrack,-424.0,10588.0,1934.0
2024-09-01 14:04:00.953,0 days 01:56:17.034000,44.0,957.8083333333328,0 days 00:00:18.181000,11137.0,245.5,6,100.0,False,0,car,1170.8500000000004,0.2028933283895134,OnTrack,-421.26424432821466,10661.344350203712,1934.4587301031413
2024-09-01 14:04:01.129,0 days 01:56:17.210000,44.0,951.4038888888882,0 days 00:00:18.357000,11277.066666666668,248.4333333333333,6,100.0,False,0,pos,1183.1365487249168,0.2050224301234829,OnTrack,-415.0,10781.0,1935.0
2024-09-01 14:04:01.193,0 days 01:56:17.274000,44.0,949.0749999999994,0 days 00:00:18.421000,11328.0,249.5,6,100.0,False,0,car,1187.6500000000003,0.205804553496866,OnTrack,-412.7253622961162,10824.854852418946,1934.99424875332
2024-09-01 14:04:01.209,0 days 01:56:17.290000,44.0,948.4749999999992,0 days 00:00:18.437000,11340.444444444443,249.8111111111111,6,100.0,False,0,pos,1188.7830388769744,0.2060008946412859,OnTrack,-412.0,10837.0,1935.0
2024-09-01 14:04:01.509,0 days 01:56:17.590000,44.0,937.2249999999996,0 days 00:00:18.737000,11573.777777777776,255.64444444444445,6,100.0,False,0,pos,1210.3477022980912,0.2097377749736171,OnTrack,-387.0,11137.0,1936.0
2024-09-01 14:04:01.553,0 days 01:56:17.634000,44.0,935.5749999999996,0 days 00:00:18.781000,11608.0,256.5,6,100.0,False,0,car,1213.5500000000002,0.2102926922040347,OnTrack,-383.6731107864466,11171.97907120236,1936.098345620971
2024-09-01 14:04:01.793,0 days 01:56:17.874000,44.0,926.4416666666662,0 days 00:00:19.021000,11398.0,261.5,6,100.0,False,0,car,1231.1500000000003,0.2133425470784041,OnTrack,-370.3190875397787,11290.566606746805,1936.1035093686507
2024-09-01 14:04:01.953,0 days 01:56:18.034000,44.0,920.5305555555548,0 days 00:00:19.181000,10540.0,263.5,6,100.0,False,0,car,1242.9722222222226,0.2153911869687634,OnTrack,-357.6519218565875,11373.612716589156,1936.003968487341
2024-09-01 14:04:01.969,0 days 01:56:18.050000,44.0,919.9483333333328,0 days 00:00:19.197000,10558.4,263.8333333333333,6,100.0,False,0,pos,1244.1637507709147,0.2155976636251372,OnTrack,-356.0,11384.0,1936.0
2024-09-01 14:04:02.109,0 days 01:56:18.190000,44.0,914.8538888888884,0 days 00:00:19.337000,10719.4,266.75,6,100.0,False,0,pos,1254.675436068276,0.217419204229796,OnTrack,-339.0,11487.0,1936.0
2024-09-01 14:04:02.193,0 days 01:56:18.274000,44.0,911.7972222222218,0 days 00:00:19.421000,10816.0,268.5,7,100.0,False,0,car,1261.0388888888892,0.2185219092072259,OnTrack,-327.65771326892923,11549.62227003331,1936.0020925740637
2024-09-01 14:04:02.369,0 days 01:56:18.450000,44.0,905.7838888888884,0 days 00:00:19.597000,10902.9,271.25,7,100.0,False,0,pos,1274.484215089359,0.2208518122555208,OnTrack,-301.0,11679.0,1936.0
2024-09-01 14:04:02.513,0 days 01:56:18.594000,44.0,900.8638888888884,0 days 00:00:19.741000,10974.0,273.5,7,100.0,False,0,car,1285.5722222222223,0.2227732220624075,OnTrack,-275.0597287796893,11786.19741796234,1936.0002175017396
2024-09-01 14:04:02.549,0 days 01:56:18.630000,44.0,899.7038888888883,0 days 00:00:19.777000,11004.825,274.175,7,100.0,False,0,pos,1288.353434600776,0.2232551705924864,OnTrack,-268.0,11813.0,1936.0
2024-09-01 14:04:02.673,0 days 01:56:18.754000,44.0,895.7083333333323,0 days 00:00:19.901000,11111.0,276.5,7,100.0,False,0,car,1297.9722222222226,0.2249219834511678,OnTrack,-241.95075782884112,11905.001616771617,1935.997567920709
2024-09-01 14:04:02.769,0 days 01:56:18.850000,44.0,892.8016666666658,0 days 00:00:19.997000,11153.24,277.94,7,100.0,False,0,pos,1305.4823269009544,0.2262233885285232,OnTrack,-220.0,11976.0,1936.0
2024-09-01 14:04:02.873,0 days 01:56:18.954000,44.0,889.6527777777771,0 days 00:00:20.101000,11199.0,279.5,7,100.0,False,0,car,1313.6388888888891,0.22763681638858,OnTrack,-194.5111850665317,12052.778584357806,1936.0117150144508
2024-09-01 14:04:02.969,0 days 01:56:19.050000,44.0,886.9594444444438,0 days 00:00:20.197000,11236.2,279.5,7,100.0,False,0,pos,1321.143023094031,0.2289371868592319,OnTrack,-169.0,12124.0,1936.0
2024-09-01 14:04:03.089,0 days 01:56:19.170000,44.0,883.592777777777,0 days 00:00:20.317000,11282.7,279.5,7,100.0,False,0,pos,1330.5436132001398,0.2305661888795197,OnTrack,-135.0,12212.0,1936.0
2024-09-01 14:04:03.113,0 days 01:56:19.194000,44.0,882.9194444444436,0 days 00:00:20.341000,11292.0,279.5,7,100.0,False,0,car,1332.438888888889,0.2308946159134746,OnTrack,-128.5915302543457,12228.152090074052,1936.0544379616788
2024-09-01 14:04:03.353,0 days 01:56:19.434000,44.0,876.5194444444435,0 days 00:00:20.581000,11415.0,285.5,7,100.0,False,0,car,1351.6388888888891,0.2342217303218776,OnTrack,-53.02150713430299,12397.24518346824,1937.0318922729368
2024-09-01 14:04:03.369,0 days 01:56:19.450000,44.0,876.1416666666657,0 days 00:00:20.597000,11419.84,285.66,7,100.0,False,0,pos,1352.9282750563686,0.234445164451868,OnTrack,-44.0,12415.0,1937.0
2024-09-01 14:04:03.530,0 days 01:56:19.611000,44.0,872.340279288888,0 days 00:00:20.758000,11468.54248064,287.26999936,7,100.0,False,0,pos,1365.948038036232,0.2367013228375084,OnTrack,68.0,12627.0,1936.0
2024-09-01 14:04:03.753,0 days 01:56:19.834000,44.0,867.0749999999994,0 days 00:00:20.981000,11536.0,289.5,7,100.0,False,0,car,1384.0833333333337,0.2398439375397808,OnTrack,148.6487810930617,12767.432135439052,1935.663900298052
2024-09-01 14:04:03.990,0 days 01:56:20.071000,44.0,861.6766622933326,0 days 00:00:21.218000,11027.296016457143,291.1928585142857,7,100.0,False,0,pos,1403.433578000113,0.2431970874271227,OnTrack,208.0,12846.0,1936.0
2024-09-01 14:04:04.033,0 days 01:56:20.114000,44.0,860.6972222222214,0 days 00:00:21.261000,10935.0,291.5,7,100.0,False,0,car,1406.9500000000005,0.2438064383803441,OnTrack,227.09896088871056,12872.923794533655,1935.9901818415449
2024-09-01 14:04:04.110,0 days 01:56:20.191000,44.0,859.0288847288881,0 days 00:00:21.338000,10811.02969088,291.88500096,7,100.0,False,0,pos,1413.250211202855,0.2448981843943545,OnTrack,265.0,12926.0,1936.0
2024-09-01 14:04:04.233,0 days 01:56:20.314000,44.0,856.3638888888881,0 days 00:00:21.461000,10613.0,292.5,8,100.0,False,0,car,1423.3388888888892,0.2466464231907575,OnTrack,324.4626144264138,13004.00170970716,1936.4195325106605
2024-09-01 14:04:04.350,0 days 01:56:20.431000,44.0,853.8613847822214,0 days 00:00:21.578000,10648.935773257144,293.7535734857143,8,100.0,False,0,pos,1432.98942494084,0.2483187376463439,OnTrack,388.0,13079.0,1937.0
2024-09-01 14:04:04.513,0 days 01:56:20.594000,44.0,850.3749999999991,0 days 00:00:21.741000,10699.0,295.5,8,100.0,False,0,car,1446.516666666667,0.250662835607383,OnTrack,501.1732849060722,13199.117633357728,1937.6518220559576
2024-09-01 14:04:04.670,0 days 01:56:20.751000,44.0,847.2349961599991,0 days 00:00:21.898000,10723.204196266666,297.4625024,8,100.0,False,0,pos,1459.6267938058352,0.2529346529459622,OnTrack,608.0,13305.0,1938.0
2024-09-01 14:04:04.753,0 days 01:56:20.834000,44.0,845.5749999999991,0 days 00:00:21.981000,10736.0,298.5,8,100.0,False,0,car,1466.583333333334,0.2541401322633875,OnTrack,652.4002793461755,13346.75341736732,1938.0322869832787
2024-09-01 14:04:04.950,0 days 01:56:21.031000,44.0,841.7991629866659,0 days 00:00:22.178000,10779.621471085717,299.90714422857144,8,100.0,False,0,pos,1483.1527978215129,0.2570114085153741,OnTrack,747.0,13427.0,1938.0
2024-09-01 14:04:05.033,0 days 01:56:21.114000,44.0,840.2083333333326,0 days 00:00:22.261000,10798.0,300.5,8,100.0,False,0,car,1490.1500000000003,0.2582239341500905,OnTrack,798.0457315623364,13467.122980269978,1938.1567726353603
2024-09-01 14:04:05.232,0 days 01:56:21.313000,44.0,836.504722222222,0 days 00:00:22.460000,10867.0,301.5,8,100.0,False,0,car,1506.9544444444448,0.2611359294228154,OnTrack,937.1174030710775,13571.4007450295,1938.9153965628657
2024-09-01 14:04:05.250,0 days 01:56:21.331000,44.0,836.179724533333,0 days 00:00:22.478000,10870.5999744,301.6124992,8,100.0,False,0,pos,1508.4766283973986,0.2613997044312587,OnTrack,949.0,13580.0,1939.0
2024-09-01 14:04:05.392,0 days 01:56:21.473000,44.0,833.6158333333328,0 days 00:00:22.620000,10899.0,302.5,8,100.0,False,0,car,1520.5100000000004,0.2634849338083778,OnTrack,1042.2916263709942,13644.84752766299,1939.7578759599248
2024-09-01 14:04:05.430,0 days 01:56:21.511000,44.0,832.9297199111106,0 days 00:00:22.658000,10907.007169828572,302.90714422857144,8,100.0,False,0,pos,1523.7447595112694,0.264045476255131,OnTrack,1075.0,13666.0,1940.0
2024-09-01 14:04:05.590,0 days 01:56:21.671000,44.0,830.0408310222219,0 days 00:00:22.818000,10940.721455542856,304.6214299428572,8,100.0,False,0,pos,1537.4335773116222,0.2664175732831287,OnTrack,1247.0,13771.0,1941.0
2024-09-01 14:04:05.672,0 days 01:56:21.753000,44.0,828.5602777777776,0 days 00:00:22.900000,10958.0,305.5,8,100.0,False,0,car,1544.4655555555555,0.2676361251651583,OnTrack,1313.3145914204888,13807.560614682328,1941.0434392153352
2024-09-01 14:04:05.750,0 days 01:56:21.831000,44.0,827.1952755377777,0 days 00:00:22.978000,10969.31001856,305.89000064,8,100.0,False,0,pos,1551.1576884587366,0.268795786196675,OnTrack,1367.0,13835.0,1941.0
2024-09-01 14:04:05.872,0 days 01:56:21.953000,44.0,825.0602777777776,0 days 00:00:23.100000,10987.0,306.5,8,100.0,False,0,car,1561.6322222222227,0.270610888915727,OnTrack,1453.9390729485713,13878.450037355004,1941.297840883212
2024-09-01 14:04:06.110,0 days 01:56:22.191000,44.0,821.0274978311111,0 days 00:00:23.338000,11049.144477866666,307.1611114666667,8,100.0,False,0,pos,1582.1008754068564,0.2741578446933936,OnTrack,1647.0,13967.0,1943.0
2024-09-01 14:04:06.232,0 days 01:56:22.313000,44.0,818.9602777777777,0 days 00:00:23.460000,11081.0,307.5,8,100.0,False,0,car,1592.6322222222227,0.2759827923876277,OnTrack,1767.6014781973097,14015.588379500923,1944.3029406970195
2024-09-01 14:04:06.310,0 days 01:56:22.391000,44.0,817.5736088355553,0 days 00:00:23.538000,11086.07000832,308.28000128,8,100.0,False,0,pos,1599.3841435780146,0.2771528139932142,OnTrack,1840.0,14043.0,1945.0
2024-09-01 14:04:06.432,0 days 01:56:22.513000,44.0,815.4047222222218,0 days 00:00:23.660000,11094.0,309.5,8,100.0,False,0,car,1609.965555555556,0.2789864373396582,OnTrack,1931.8854482377171,14074.81992835419,1945.561304385552
2024-09-01 14:04:06.589,0 days 01:56:22.670000,44.0,811.3925016355553,0 days 00:00:23.817000,11103.634086981818,309.8568180363636,8,100.0,False,0,pos,1623.598220817666,0.2813488038510385,OnTrack,2038.0,14106.0,1946.0
2024-09-01 14:04:06.872,0 days 01:56:22.953000,44.0,804.1602777777775,0 days 00:00:24.100000,11121.0,310.5,8,100.0,False,0,car,1648.2211111111117,0.285615635781864,OnTrack,2278.675057760044,14167.628391277996,1948.2301205417812
2024-09-01 14:04:06.949,0 days 01:56:23.030000,44.0,802.0000017955554,0 days 00:00:24.177000,11134.4749888,310.8208330666667,8,100.0,False,0,pos,1654.9337453120188,0.2867788494260398,OnTrack,2342.0,14182.0,1949.0
2024-09-01 14:04:07.112,0 days 01:56:23.193000,44.0,797.4269444444442,0 days 00:00:24.340000,11163.0,311.5,8,100.0,False,0,car,1669.1544444444448,0.28924311468547,OnTrack,2476.419062936244,14208.693921810538,1950.7856444717895
2024-09-01 14:04:07.129,0 days 01:56:23.210000,44.0,796.9216685688887,0 days 00:00:24.357000,11159.68501248,311.5,8,100.0,False,0,pos,1670.6374685987423,0.2895001038017081,OnTrack,2495.0,14212.0,1951.0
2024-09-01 14:04:07.312,0 days 01:56:23.393000,44.0,791.4824999999998,0 days 00:00:24.540000,11124.0,311.5,8,100.0,False,0,car,1686.5988888888892,0.2922660137718084,OnTrack,2755.465066606729,14255.237356629814,1953.5656858835173
2024-09-01 14:04:07.349,0 days 01:56:23.430000,44.0,790.3108350488523,0 days 00:00:24.577000,11127.22406166946,311.5,8,100.0,False,0,pos,1689.8252232980726,0.2928250962561376,OnTrack,2805.0,14263.0,1954.0
2024-09-01 14:04:07.553,0 days 01:56:23.634000,44.0,783.850833333333,0 days 00:00:24.781000,11145.0,311.5,8,100.0,False,0,car,1707.6194444444448,0.2959086071708461,OnTrack,3005.1206805305314,14291.146872220614,1955.423430106447
2024-09-01 14:04:07.729,0 days 01:56:23.810000,44.0,777.9352777777774,0 days 00:00:24.957000,11132.777777777776,311.9888888888889,8,100.0,False,0,pos,1723.0105540696984,0.2985756895976946,OnTrack,3116.0,14304.0,1956.0
2024-09-01 14:04:07.913,0 days 01:56:23.994000,44.0,771.750833333333,0 days 00:00:25.141000,11120.0,312.5,8,100.0,False,0,car,1739.1194444444448,0.3013671542471323,OnTrack,3204.834595649062,14313.642052327798,1956.5477617193487
2024-09-01 14:04:08.029,0 days 01:56:24.110000,44.0,767.7230555555553,0 days 00:00:25.257000,11134.983333333334,312.5,8,100.0,False,0,pos,1749.2707702002854,0.3031262491526869,OnTrack,3272.0,14320.0,1957.0
2024-09-01 14:04:08.153,0 days 01:56:24.234000,44.0,763.4174999999998,0 days 00:00:25.381000,11151.0,312.5,8,100.0,False,0,car,1760.119444444445,0.3050061856313231,OnTrack,3368.7357761024136,14328.41343364916,1957.657195370116
2024-09-01 14:04:08.353,0 days 01:56:24.434000,44.0,756.639722222222,0 days 00:00:25.581000,11185.0,312.5,8,100.0,False,0,car,1777.619444444445,0.3080387117848154,OnTrack,3554.6204800708897,14343.81436023435,1958.906152477193
2024-09-01 14:04:08.369,0 days 01:56:24.450000,44.0,756.1241666666664,0 days 00:00:25.597000,11186.777777777776,312.5444444444444,8,100.0,False,0,pos,1779.0208254997622,0.3082815531963158,OnTrack,3569.0,14345.0,1959.0
2024-09-01 14:04:08.549,0 days 01:56:24.630000,44.0,750.3241666666664,0 days 00:00:25.777000,11206.777777777776,313.0444444444444,8,100.0,False,0,pos,1794.805353357331,0.3110168099705219,OnTrack,3726.0,14358.0,1960.0
2024-09-01 14:04:08.709,0 days 01:56:24.790000,44.0,745.168611111111,0 days 00:00:25.937000,11224.555555555557,313.4888888888889,8,100.0,False,0,pos,1808.8674910761567,0.3134535985651704,OnTrack,3866.0,14370.0,1961.0
2024-09-01 14:04:08.713,0 days 01:56:24.794000,44.0,745.039722222222,0 days 00:00:25.941000,11225.0,313.5,8,100.0,False,0,car,1809.219444444445,0.3135145875819787,OnTrack,3869.469224730624,14370.298818296882,1961.0338537867676
2024-09-01 14:04:08.873,0 days 01:56:24.954000,44.0,740.1063888888887,0 days 00:00:26.101000,11248.0,314.5,8,100.0,False,0,car,1823.3083333333336,0.3159560118122189,OnTrack,4008.047636114529,14382.20216843134,1962.69461663606
2024-09-01 14:04:08.909,0 days 01:56:24.990000,44.0,739.0463888888886,0 days 00:00:26.137000,11250.1,314.5,8,100.0,False,0,pos,1826.47803436349,0.3165052804563731,OnTrack,4041.0,14385.0,1963.0
2024-09-01 14:04:09.109,0 days 01:56:25.190000,44.0,733.1574999999996,0 days 00:00:26.337000,11261.766666666666,314.5,8,100.0,False,0,pos,1844.0890432330923,0.3195570430270277,OnTrack,4233.0,14401.0,1964.0
2024-09-01 14:04:09.113,0 days 01:56:25.194000,44.0,733.0397222222218,0 days 00:00:26.341000,11262.0,314.5,8,100.0,False,0,car,1844.4416666666675,0.3196181481575791,OnTrack,4236.576059496447,14401.291633729328,1964.0212058424377
2024-09-01 14:04:09.269,0 days 01:56:25.350000,44.0,728.7063888888885,0 days 00:00:26.497000,11258.1,315.0571428571429,8,100.0,False,0,pos,1858.209971391194,0.3220040192528008,OnTrack,4374.0,14412.0,1965.0
2024-09-01 14:04:09.393,0 days 01:56:25.474000,44.0,725.261944444444,0 days 00:00:26.621000,11255.0,315.5,8,100.0,False,0,car,1869.1750000000004,0.3239041184545149,OnTrack,4519.5516631940445,14421.917504005854,1965.7635213390151
2024-09-01 14:04:09.669,0 days 01:56:25.750000,44.0,717.9786111111108,0 days 00:00:26.897000,11295.414285714283,316.48571428571427,8,100.0,False,0,pos,1893.63160561798,0.3281421353780674,OnTrack,4860.0,14443.0,1967.0
2024-09-01 14:04:09.673,0 days 01:56:25.754000,44.0,717.8730555555553,0 days 00:00:26.901000,11296.0,316.5,8,100.0,False,0,car,1893.9861111111115,0.3282035666454662,OnTrack,4863.116226958653,14443.184117570425,1967.009097849313
2024-09-01 14:04:09.833,0 days 01:56:25.914000,44.0,713.7397222222223,0 days 00:00:27.061000,11314.0,312.0,8,100.0,False,0,car,1908.1638888888888,0.3306603941831527,OnTrack,4939.002212236628,14447.357581964525,1967.1534897002837
2024-09-01 14:04:10.070,0 days 01:56:26.151000,44.0,708.0780509688892,0 days 00:00:27.298000,11283.058308266667,312.0,8,100.0,False,0,pos,1929.163371300025,0.3342993358758138,OnTrack,5090.0,14454.0,1967.0
2024-09-01 14:04:10.193,0 days 01:56:26.274000,44.0,705.1397222222226,0 days 00:00:27.421000,11267.0,312.0,8,100.0,False,0,car,1940.063888888889,0.3361882561429473,OnTrack,5296.202708186184,14463.879512570518,1966.9989225098852
2024-09-01 14:04:10.210,0 days 01:56:26.291000,44.0,704.7477792533338,0 days 00:00:27.438000,11264.62000896,312.0,8,100.0,False,0,pos,1941.570649764425,0.3364493585293542,OnTrack,5320.0,14465.0,1967.0
2024-09-01 14:04:10.393,0 days 01:56:26.474000,44.0,700.5286111111113,0 days 00:00:27.621000,11239.0,312.0,8,100.0,False,0,car,1957.7861111111115,0.3392592905650554,OnTrack,5431.261282518137,14469.571293057,1967.007303927672
2024-09-01 14:04:10.510,0 days 01:56:26.591000,44.0,697.9286068444446,0 days 00:00:27.738000,11239.0,312.0,8,100.0,False,0,pos,1968.1349297285244,0.3410526084573441,OnTrack,5479.0,14471.0,1967.0
2024-09-01 14:04:10.593,0 days 01:56:26.674000,44.0,696.0841666666668,0 days 00:00:27.821000,11239.0,312.0,8,100.0,False,0,car,1975.5083333333337,0.3423303249871635,OnTrack,5541.774769176474,14473.274808581273,1966.9864392303
2024-09-01 14:04:10.750,0 days 01:56:26.831000,44.0,692.9441628266668,0 days 00:00:27.978000,11082.9810592,310.0374976,8,50.93744,False,0,pos,1989.6007807374783,0.3447723658625796,OnTrack,5691.0,14479.0,1967.0
2024-09-01 14:04:10.913,0 days 01:56:26.994000,44.0,689.6841666666669,0 days 00:00:28.141000,10921.0,308.0,8,0.0,False,0,car,2003.5083333333332,0.3471823668327511,OnTrack,5814.261725800289,14483.87087115685,1967.1808575989896
2024-09-01 14:04:11.030,0 days 01:56:27.111000,44.0,689.0666656533336,0 days 00:00:28.258000,10616.7995008,286.68925074285715,8,0.0,False,0,pos,2012.434658335479,0.3487291847769556,OnTrack,5926.0,14488.0,1967.0
2024-09-01 14:04:11.193,0 days 01:56:27.274000,44.0,688.2063888888893,0 days 00:00:28.421000,10193.0,257.0,8,0.0,False,0,car,2024.041666666667,0.3507405308528488,OnTrack,6139.081451198181,14495.380546406192,1966.0713012427225
2024-09-01 14:04:11.210,0 days 01:56:27.291000,44.0,688.1922222755559,0 days 00:00:28.438000,10164.5251072,255.72500480000002,8,0.0,False,0,pos,2025.2521368725008,0.3509502898561182,OnTrack,6157.0,14496.0,1966.0
2024-09-01 14:04:11.353,0 days 01:56:27.434000,44.0,688.0730555555558,0 days 00:00:28.581000,9925.0,245.0,8,0.0,True,0,car,2035.241666666667,0.3526813475910839,OnTrack,6247.819236397573,14499.204870502806,1965.832465650435
2024-09-01 14:04:11.570,0 days 01:56:27.651000,44.0,690.3636104355558,0 days 00:00:28.798000,9906.400005485715,214.00000914285715,8,0.0,True,0,pos,2048.2543916925333,0.3549362863893207,OnTrack,6295.0,14502.0,1966.0
2024-09-01 14:04:11.633,0 days 01:56:27.714000,44.0,691.0286111111113,0 days 00:00:28.861000,9901.0,205.0,8,0.0,True,0,car,2051.730555555556,0.3555386611223745,OnTrack,6323.130302996587,14503.809064481484,1965.8209494062012
2024-09-01 14:04:11.830,0 days 01:56:27.911000,44.0,694.4213921955557,0 days 00:00:29.058000,10685.06076416,183.32997888,8,0.0,True,0,pos,2062.1312906369203,0.3573409754737906,OnTrack,6434.0,14512.0,1965.0
2024-09-01 14:04:11.833,0 days 01:56:27.914000,44.0,694.4730555555557,0 days 00:00:29.061000,10697.0,183.0,8,0.0,True,0,car,2062.2861111111115,0.3573678038816238,OnTrack,6435.501359737684,14512.143889341332,1964.993080625526
2024-09-01 14:04:11.992,0 days 01:56:28.073000,44.0,696.8580555555559,0 days 00:00:29.220000,9797.0,173.0,7,0.0,True,0,car,2070.2361111111118,0.3587454371913531,OnTrack,6503.324011630115,14520.559225799054,1964.934434231433
2024-09-01 14:04:12.110,0 days 01:56:28.191000,44.0,698.8575021688894,0 days 00:00:29.338000,9797.0,156.47998208,7,0.0,True,0,pos,2075.37199533685,0.3596354202334024,OnTrack,6549.0,14530.0,1965.0
2024-09-01 14:04:12.130,0 days 01:56:28.211000,44.0,699.1963867200005,0 days 00:00:29.358000,9797.0,153.68001792,7,0.0,True,0,pos,2076.188719811123,0.359776948137884,OnTrack,6557.0,14532.0,1965.0
2024-09-01 14:04:12.192,0 days 01:56:28.273000,44.0,700.246944444445,0 days 00:00:29.420000,9797.0,145.0,5,0.0,True,0,car,2078.680555555556,0.3602087513987526,OnTrack,6581.665153370224,14538.376846262268,1964.8854445224024
2024-09-01 14:04:12.390,0 days 01:56:28.471000,44.0,703.4369465066673,0 days 00:00:29.618000,9707.281192,134.4812432,5,0.0,True,0,pos,2086.238567792584,0.3615184582431642,OnTrack,6657.0,14560.0,1964.0
2024-09-01 14:04:12.512,0 days 01:56:28.593000,44.0,705.4025000000006,0 days 00:00:29.740000,9652.0,128.0,3,0.0,True,0,car,2090.680555555556,0.3622881979040045,OnTrack,6698.800835267367,14574.330693866865,1964.0048921811676
2024-09-01 14:04:12.570,0 days 01:56:28.651000,44.0,706.4819420622229,0 days 00:00:29.798000,9489.6003584,125.39000576000001,3,0.0,True,0,pos,2092.7516153226147,0.362647086070236,OnTrack,6719.0,14583.0,1964.0
2024-09-01 14:04:12.712,0 days 01:56:28.793000,44.0,709.1247222222228,0 days 00:00:29.940000,9092.0,119.0,3,0.0,True,0,car,2097.680555555556,0.3635012083654014,OnTrack,6772.055129214863,14611.918281495353,1963.659542650296
2024-09-01 14:04:12.872,0 days 01:56:28.953000,44.0,711.924722222223,0 days 00:00:30.100000,8316.0,111.0,3,0.0,True,0,car,2102.925,0.3644100035047337,OnTrack,6827.496364201771,14648.34729842114,1963.0746539002268
2024-09-01 14:04:12.909,0 days 01:56:28.990000,44.0,712.5927766222229,0 days 00:00:30.137000,8263.2750912,110.20714422857142,3,0.3964278857142857,True,0,pos,2104.106967697762,0.3646148233879363,OnTrack,6837.0,14655.0,1963.0
2024-09-01 14:04:13.152,0 days 01:56:29.233000,44.0,716.9802777777782,0 days 00:00:30.380000,7917.0,105.0,3,3.0,True,0,car,2111.6361111111114,0.3659195276344721,OnTrack,6870.371574585059,14684.948205411823,1963.043510505956
2024-09-01 14:04:13.269,0 days 01:56:29.350000,44.0,719.2227765511116,0 days 00:00:30.497000,7971.739255771428,102.91071542857142,3,8.014282971428571,True,0,pos,2115.124577206704,0.3665240341870696,OnTrack,6886.0,14713.0,1963.0
2024-09-01 14:04:13.432,0 days 01:56:29.513000,44.0,722.346944444445,0 days 00:00:30.660000,8048.0,100.0,3,10.0,False,0,car,2119.958333333333,0.3673616622941329,OnTrack,6919.509417838794,14782.149738241553,1962.5925959487895
2024-09-01 14:04:13.569,0 days 01:56:29.650000,44.0,724.8205544000003,0 days 00:00:30.797000,8171.7280672,102.140624,3,10.0,False,0,pos,2124.138376604809,0.3680860103251889,OnTrack,6944.0,14834.0,1962.0
2024-09-01 14:04:13.752,0 days 01:56:29.833000,44.0,728.1247222222223,0 days 00:00:30.980000,8337.0,105.0,3,10.0,False,0,car,2129.913888888889,0.3690868327281197,OnTrack,6957.121634652046,14858.78114327484,1961.0578869546923
2024-09-01 14:04:13.809,0 days 01:56:29.890000,44.0,729.169721234152,0 days 00:00:31.037000,8172.473839773756,106.10526211284426,3,10.0,False,0,pos,2131.7638094518875,0.3694074002989296,OnTrack,6963.0,14867.0,1961.0
2024-09-01 14:04:14.069,0 days 01:56:30.150000,44.0,733.9363887458788,0 days 00:00:31.297000,7422.002792598833,111.14681425317482,3,9.240998159068925,False,0,pos,2140.3995573951684,0.3709038649556707,OnTrack,7016.0,14932.0,1962.0
2024-09-01 14:04:14.113,0 days 01:56:30.194000,44.0,734.7430555555557,0 days 00:00:31.341000,7295.0,112.0,3,4.0,False,0,car,2141.846944444445,0.3711546786174511,OnTrack,7026.725809651413,14942.359357196934,1961.8960024209591
2024-09-01 14:04:14.269,0 days 01:56:30.350000,44.0,738.1663888888888,0 days 00:00:31.497000,7187.471428571429,110.88571428571429,3,16.257142857142856,False,0,pos,2146.911262983036,0.3720322602413307,OnTrack,7065.0,14974.0,1961.0
2024-09-01 14:04:14.393,0 days 01:56:30.474000,44.0,740.8874999999998,0 days 00:00:31.621000,7102.0,110.0,4,26.0,False,0,car,2150.946944444445,0.3727315922172671,OnTrack,7092.086552778039,14995.150283909505,1960.7993749262675
2024-09-01 14:04:14.569,0 days 01:56:30.650000,44.0,745.0919444444445,0 days 00:00:31.797000,7366.44,112.64,4,37.88,False,0,pos,2156.7974700737245,0.3737454134734082,OnTrack,7147.0,15028.0,1961.0
2024-09-01 14:04:14.729,0 days 01:56:30.810000,44.0,748.9141666666669,0 days 00:00:31.957000,7606.84,115.04,4,48.68,False,0,pos,2162.315820992225,0.3747016731010938,OnTrack,7233.0,15068.0,1961.0
2024-09-01 14:04:14.793,0 days 01:56:30.874000,44.0,750.4430555555559,0 days 00:00:32.021000,7703.0,116.0,4,53.0,False,0,car,2164.613611111112,0.3750998507371372,OnTrack,7260.6478550513,15079.96759399534,1960.919154553735
2024-09-01 14:04:15.193,0 days 01:56:31.274000,44.0,758.6652777777781,0 days 00:00:32.421000,8591.0,131.0,4,99.0,False,0,car,2179.946944444445,0.3777569212716258,OnTrack,7353.666109790262,15106.737162466768,1959.9992940313305
2024-09-01 14:04:15.209,0 days 01:56:31.290000,44.0,759.0386111111114,0 days 00:00:32.437000,8636.4,135.9,4,99.05,False,0,pos,2180.5760417607985,0.377865935789622,OnTrack,7359.0,15108.0,1960.0
2024-09-01 14:04:15.329,0 days 01:56:31.410000,44.0,761.8386111111115,0 days 00:00:32.557000,8976.9,138.9,4,99.425,False,0,pos,2185.312234191029,0.378686657356059,OnTrack,7405.0,15119.0,1960.0
2024-09-01 14:04:15.509,0 days 01:56:31.590000,44.0,766.0386111111114,0 days 00:00:32.737000,9487.65,143.4,4,99.9875,False,0,pos,2192.7504607381584,0.3799756068726173,OnTrack,7477.0,15135.0,1959.0
2024-09-01 14:04:15.513,0 days 01:56:31.594000,44.0,766.1319444444448,0 days 00:00:32.741000,9499.0,143.5,4,100.0,False,0,car,2192.9247222222225,0.3800058041587871,OnTrack,7478.642062086074,15135.34004105684,1958.986386930429
2024-09-01 14:04:15.769,0 days 01:56:31.850000,44.0,771.1097222222227,0 days 00:00:32.997000,10196.6,159.20909090909092,4,100.0,False,0,pos,2204.889632937535,0.3820791701398377,OnTrack,7589.0,15156.0,1959.0
2024-09-01 14:04:15.949,0 days 01:56:32.030000,44.0,774.6097222222227,0 days 00:00:33.177000,10687.1,170.25454545454545,4,100.0,False,0,pos,2213.8672869931293,0.3836348827524432,OnTrack,7672.0,15170.0,1958.0
2024-09-01 14:04:15.953,0 days 01:56:32.034000,44.0,774.6875000000005,0 days 00:00:33.181000,10698.0,170.5,4,100.0,False,0,car,2214.0691666666667,0.383669865917578,OnTrack,7673.825558724252,15170.31882703956,1957.9764966961145
2024-09-01 14:04:16.209,0 days 01:56:32.290000,44.0,779.3097222222227,0 days 00:00:33.437000,11166.622222222222,179.03333333333333,4,100.0,False,0,pos,2227.18791651014,0.3859431774605183,OnTrack,7796.0,15194.0,1957.0
2024-09-01 14:04:16.313,0 days 01:56:32.394000,44.0,781.1875000000005,0 days 00:00:33.541000,11357.0,182.5,4,100.0,False,0,car,2232.5691666666667,0.3868756792798414,OnTrack,7860.982633558848,15208.505873610136,1957.081737895155
2024-09-01 14:04:16.349,0 days 01:56:32.430000,44.0,781.8575000000004,0 days 00:00:33.577000,11398.4,183.04,4,100.0,False,0,pos,2234.43382980532,0.3871988015504368,OnTrack,7887.0,15215.0,1957.0
2024-09-01 14:04:16.513,0 days 01:56:32.594000,44.0,784.9097222222226,0 days 00:00:33.741000,11587.0,185.5,4,100.0,False,0,car,2243.0136111111115,0.3886855679047828,OnTrack,8026.1349671069565,15254.568122444338,1955.4715697047363
2024-09-01 14:04:16.570,0 days 01:56:32.651000,44.0,785.9072211022226,0 days 00:00:33.798000,11606.9499776,187.8749973333333,4,100.0,False,0,pos,2246.081631987034,0.3892172166788227,OnTrack,8068.0,15267.0,1955.0
2024-09-01 14:04:16.753,0 days 01:56:32.834000,44.0,789.1097222222224,0 days 00:00:33.981000,11671.0,195.5,4,100.0,False,0,car,2256.213611111112,0.39097295906056,OnTrack,8150.381225732265,15291.794680686437,1954.721308515904
2024-09-01 14:04:16.953,0 days 01:56:33.034000,44.0,792.3319444444446,0 days 00:00:34.181000,10741.0,202.5,5,100.0,False,0,car,2267.6025000000004,0.3929465078271185,OnTrack,8210.587333011408,15310.678379397768,1955.0372365893415
2024-09-01 14:04:16.970,0 days 01:56:33.051000,44.0,792.601110097778,0 days 00:00:34.198000,10761.31492352,203.00999808,5,100.0,False,0,pos,2268.585139023593,0.3931167866007465,OnTrack,8218.0,15313.0,1955.0
2024-09-01 14:04:17.153,0 days 01:56:33.234000,44.0,795.4986111111116,0 days 00:00:34.381000,10980.0,208.5,5,100.0,False,0,car,2279.3247222222226,0.3949778189966006,OnTrack,8318.041062830138,15344.135972649165,1954.1219391835173
2024-09-01 14:04:17.210,0 days 01:56:33.291000,44.0,796.337776835556,0 days 00:00:34.438000,11034.668120436363,209.9249984,5,100.0,False,0,pos,2282.743062543127,0.3955701736494394,OnTrack,8351.0,15354.0,1954.0
2024-09-01 14:04:17.270,0 days 01:56:33.351000,44.0,797.2211139377782,0 days 00:00:34.498000,11092.21382050909,211.4250048,5,100.0,False,0,pos,2286.380718696383,0.3962005329307059,OnTrack,8385.0,15364.0,1954.0
2024-09-01 14:04:17.490,0 days 01:56:33.571000,44.0,800.4599990577782,0 days 00:00:34.718000,11303.21357498182,216.9249984,5,100.0,False,0,pos,2300.007934115475,0.3985619550540014,OnTrack,8510.0,15406.0,1953.0
2024-09-01 14:04:17.593,0 days 01:56:33.674000,44.0,801.9763888888892,0 days 00:00:34.821000,11402.0,219.5,5,100.0,False,0,car,2306.458055555556,0.3996796785945868,OnTrack,8569.856033586924,15427.681181747865,1952.864398494777
2024-09-01 14:04:17.753,0 days 01:56:33.834000,44.0,804.2875000000004,0 days 00:00:34.981000,11658.0,224.5,5,100.0,False,0,car,2316.5469444444448,0.401427953989743,OnTrack,8664.074258428278,15463.1880581326,1953.153749795954
2024-09-01 14:04:17.850,0 days 01:56:33.931000,44.0,805.6616657600002,0 days 00:00:35.078000,11716.892818285714,225.88571337142855,5,100.0,False,0,pos,2322.721905944043,0.4024979958322767,OnTrack,8720.0,15485.0,1953.0
2024-09-01 14:04:18.030,0 days 01:56:34.111000,44.0,808.2116693866666,0 days 00:00:35.258000,11826.178688,228.4571456,5,100.0,False,0,pos,2334.3186111386403,0.4045075565063885,OnTrack,8828.0,15528.0,1952.0
2024-09-01 14:04:18.033,0 days 01:56:34.114000,44.0,808.2541666666666,0 days 00:00:35.261000,11828.0,228.5,5,100.0,False,0,car,2334.5136111111115,0.4045413475073284,OnTrack,8830.143522391741,15528.836004130955,1951.9836559283813
2024-09-01 14:04:18.270,0 days 01:56:34.351000,44.0,811.4800026133335,0 days 00:00:35.498000,11059.7243776,234.4250048,5,100.0,False,0,pos,2350.1133889876623,0.4072445894730034,OnTrack,9023.0,15602.0,1951.0
2024-09-01 14:04:18.273,0 days 01:56:34.354000,44.0,811.5208333333335,0 days 00:00:35.501000,11050.0,234.5,5,100.0,False,0,car,2350.313611111111,0.4072792854059101,OnTrack,9025.108559218868,15602.783335542686,1950.9894586085495
2024-09-01 14:04:18.650,0 days 01:56:34.731000,44.0,816.2333318463179,0 days 00:00:35.878000,11001.05012934121,236.87015728544404,5,100.0,False,0,pos,2375.948997913163,0.4117215700306022,OnTrack,9213.0,15669.0,1950.0
2024-09-01 14:04:18.712,0 days 01:56:34.793000,44.0,817.0083333333337,0 days 00:00:35.940000,10993.0,238.0,6,100.0,False,0,car,2380.19,0.4124564814446222,OnTrack,9248.94691590926,15681.130365471889,1949.958926770697
2024-09-01 14:04:18.872,0 days 01:56:34.953000,44.0,819.0527777777779,0 days 00:00:36.100000,11156.0,240.0,6,100.0,False,0,car,2391.167777777778,0.4143587899142416,OnTrack,9354.970891878693,15716.78489935442,1949.993947071768
2024-09-01 14:04:18.930,0 days 01:56:35.011000,44.0,819.7133318755556,0 days 00:00:36.158000,11123.2715008,241.4499968,6,100.0,False,0,pos,2395.2173930614013,0.415060536443337,OnTrack,9394.0,15730.0,1950.0
2024-09-01 14:04:19.130,0 days 01:56:35.211000,44.0,821.9911096533331,0 days 00:00:36.358000,11010.414357942856,246.4499968,6,100.0,False,0,pos,2409.378906659565,0.417514545606735,OnTrack,9527.0,15775.0,1950.0
2024-09-01 14:04:19.152,0 days 01:56:35.233000,44.0,822.2416666666663,0 days 00:00:36.380000,10998.0,247.0,6,100.0,False,0,car,2410.9233333333336,0.417782174994184,OnTrack,9541.650448384724,15779.797756549808,1950.0178364774572
2024-09-01 14:04:19.190,0 days 01:56:35.271000,44.0,822.7905574044441,0 days 00:00:36.418000,10991.666645333333,245.73332906666667,6,84.16661333333333,False,0,pos,2413.5808291586395,0.4182426850280718,OnTrack,9567.0,15788.0,1950.0
2024-09-01 14:04:19.370,0 days 01:56:35.451000,44.0,825.3905537066668,0 days 00:00:36.598000,10961.666688,239.7333376,6,9.166719999999998,False,0,pos,2425.881988832358,0.4203743186525767,OnTrack,9687.0,15825.0,1948.0
2024-09-01 14:04:19.392,0 days 01:56:35.473000,44.0,825.7083333333335,0 days 00:00:36.620000,10958.0,239.0,6,0.0,False,0,car,2427.3233333333333,0.4206240852180282,OnTrack,9701.36321558056,15829.155732424328,1947.6926839660864
2024-09-01 14:04:19.589,0 days 01:56:35.670000,44.0,830.3049985066668,0 days 00:00:36.817000,10440.875168,224.2250048,6,0.0,False,0,pos,2439.5380094595125,0.4227407323499754,OnTrack,9826.0,15861.0,1945.0
2024-09-01 14:04:19.752,0 days 01:56:35.833000,44.0,834.1083333333336,0 days 00:00:36.980000,10013.0,212.0,6,0.0,False,0,car,2449.2233333333334,0.4244190750901129,OnTrack,9923.974530037587,15876.39341263741,1943.084050670348
2024-09-01 14:04:19.929,0 days 01:56:36.010000,44.0,838.6316650311115,0 days 00:00:37.157000,10277.61490432,206.69000192,6,0.0,False,0,pos,2459.716821236298,0.4262374623190897,OnTrack,10024.0,15883.0,1942.0
2024-09-01 14:04:19.952,0 days 01:56:36.033000,44.0,839.2194444444449,0 days 00:00:37.180000,10312.0,206.0,6,0.0,True,0,car,2461.056666666667,0.4264696403939029,OnTrack,10036.418202906403,15883.23303698046,1941.987674309732
2024-09-01 14:04:20.109,0 days 01:56:36.190000,44.0,843.7986092444447,0 days 00:00:37.337000,10199.6469208,200.6031272,6,1.4718744,True,0,pos,2469.995396760721,0.4280186079818588,OnTrack,10128.0,15878.0,1942.0
2024-09-01 14:04:20.272,0 days 01:56:36.353000,44.0,848.5527777777779,0 days 00:00:37.500000,10083.0,195.0,5,3.0,False,0,car,2479.0122222222226,0.4295811084980576,OnTrack,10269.910093475646,15850.03400754636,1939.6874325456008
2024-09-01 14:04:20.329,0 days 01:56:36.410000,44.0,850.3736094296986,0 days 00:00:37.557000,10045.710314808288,193.7570104936096,5,6.018688801233905,False,0,pos,2482.1316060324048,0.4301216578116095,OnTrack,10312.0,15840.0,1939.0
2024-09-01 14:04:20.593,0 days 01:56:36.674000,44.0,858.8069444444445,0 days 00:00:37.821000,9873.0,188.0,5,10.0,False,0,car,2496.3997222222224,0.4325941398405632,OnTrack,10398.817104096406,15807.594042524048,1938.9820429384824
2024-09-01 14:04:20.669,0 days 01:56:36.750000,44.0,861.3402777777779,0 days 00:00:37.897000,9864.925,187.05,5,10.0,False,0,pos,2500.4803967510047,0.4333012685395588,OnTrack,10422.0,15794.0,1939.0
2024-09-01 14:04:20.753,0 days 01:56:36.834000,44.0,864.140277777778,0 days 00:00:37.981000,9856.0,186.0,5,10.0,False,0,car,2504.9775000000004,0.4340805590091321,OnTrack,10455.776365735124,15774.259865600732,1938.7568685819324
2024-09-01 14:04:20.929,0 days 01:56:37.010000,44.0,870.1536111111112,0 days 00:00:38.157000,9935.2,185.26666666666668,5,10.0,False,0,pos,2514.356100784248,0.4357057505612118,OnTrack,10540.0,15721.0,1938.0
2024-09-01 14:04:20.993,0 days 01:56:37.074000,44.0,872.3402777777778,0 days 00:00:38.221000,9964.0,185.0,5,58.0,False,0,car,2517.7775,0.4362986352814008,OnTrack,10567.594081368014,15699.830687481135,1937.983616162848
2024-09-01 14:04:21.129,0 days 01:56:37.210000,44.0,876.9491666666668,0 days 00:00:38.357000,10049.68,186.36,5,70.24,False,0,pos,2525.093375870395,0.4375663829906965,OnTrack,10621.0,15652.0,1938.0
2024-09-01 14:04:21.193,0 days 01:56:37.274000,44.0,879.1180555555557,0 days 00:00:38.421000,10090.0,187.0,5,76.0,False,0,car,2528.555277777778,0.4381662863092659,OnTrack,10644.637494258242,15628.159941400225,1937.687974276143
2024-09-01 14:04:21.409,0 days 01:56:37.490000,44.0,886.3780555555556,0 days 00:00:38.637000,10423.0,189.7,5,89.5,False,0,pos,2540.3550662703324,0.4402110387212287,OnTrack,10720.0,15536.0,1936.0
2024-09-01 14:04:21.433,0 days 01:56:37.514000,44.0,887.1847222222223,0 days 00:00:38.661000,10460.0,190.0,5,91.0,False,0,car,2541.688611111112,0.4404421249844583,OnTrack,10728.330811489734,15523.7480189565,1935.919246252778
2024-09-01 14:04:21.609,0 days 01:56:37.690000,44.0,892.8069444444442,0 days 00:00:38.837000,10647.314285714288,195.02857142857144,5,96.65714285714286,False,0,pos,2551.637370910352,0.4421661178008015,OnTrack,10788.0,15420.0,1936.0
2024-09-01 14:04:21.713,0 days 01:56:37.794000,44.0,896.1291666666662,0 days 00:00:38.941000,10758.0,202.5,5,100.0,False,0,car,2557.633055555556,0.4432050932576402,OnTrack,10819.261857455986,15346.285319099748,1936.2880617863889
2024-09-01 14:04:21.969,0 days 01:56:38.050000,44.0,903.7380555555548,0 days 00:00:39.197000,11145.2,208.9,5,100.0,False,0,pos,2572.715763121323,0.4458187335524211,OnTrack,10877.0,15165.0,1937.0
2024-09-01 14:04:22.033,0 days 01:56:38.114000,44.0,905.6402777777772,0 days 00:00:39.261000,11242.0,210.5,5,100.0,False,0,car,2576.5663888888894,0.4464859977437043,OnTrack,10885.405177572002,15134.328844688574,1936.9734013916016
2024-09-01 14:04:22.349,0 days 01:56:38.430000,44.0,914.3302777777768,0 days 00:00:39.577000,11481.9625,219.3875,5,100.0,False,0,pos,2596.048775006306,0.44986204605419,OnTrack,10905.0,15020.0,1936.0
2024-09-01 14:04:22.353,0 days 01:56:38.434000,44.0,914.4402777777768,0 days 00:00:39.581000,11485.0,219.5,5,100.0,False,0,car,2596.299722222223,0.4499055319967852,OnTrack,10905.297312682467,15017.809122588702,1935.9883995690705
2024-09-01 14:04:22.593,0 days 01:56:38.674000,44.0,920.5736111111104,0 days 00:00:39.821000,11727.0,225.5,5,100.0,False,0,car,2611.4997222222228,0.4525394975701042,OnTrack,10927.71751561517,14846.637118832576,1935.3571294127237
2024-09-01 14:04:22.669,0 days 01:56:38.750000,44.0,922.4947222222216,0 days 00:00:39.897000,11821.525,226.45,5,100.0,False,0,pos,2616.333383946679,0.4533771093184784,OnTrack,10934.0,14794.0,1935.0
2024-09-01 14:04:22.753,0 days 01:56:38.834000,44.0,924.6180555555547,0 days 00:00:39.981000,11926.0,227.5,5,100.0,False,0,car,2621.7219444444454,0.4543108779264299,OnTrack,10939.6197359242,14742.439511993656,1934.4582096082625
2024-09-01 14:04:22.969,0 days 01:56:39.050000,44.0,929.5380555555548,0 days 00:00:40.197000,11224.0,233.575,5,100.0,False,0,pos,2636.0018141718524,0.4567853966931057,OnTrack,10950.0,14626.0,1933.0
2024-09-01 14:04:23.073,0 days 01:56:39.154000,44.0,931.9069444444436,0 days 00:00:40.301000,10886.0,236.5,5,100.0,False,0,car,2642.96638888889,0.4579922684060981,OnTrack,10954.925384709788,14564.479863647275,1932.8263086867264
2024-09-01 14:04:23.250,0 days 01:56:39.331000,44.0,935.7911097066656,0 days 00:00:40.478000,10942.787479466666,238.7124992,5,100.0,False,0,pos,2654.840045912525,0.460049821289628,OnTrack,10964.0,14440.0,1933.0
2024-09-01 14:04:23.313,0 days 01:56:39.394000,44.0,937.17361111111,0 days 00:00:40.541000,10963.0,239.5,6,100.0,False,0,car,2659.099722222223,0.4607879687076033,OnTrack,10967.649690332544,14385.55299046412,1933.024882596025
2024-09-01 14:04:23.473,0 days 01:56:39.554000,44.0,940.5069444444434,0 days 00:00:40.701000,11083.0,243.5,6,100.0,False,0,car,2670.0330555555565,0.4626825755234995,OnTrack,10977.668666482772,14230.396028976416,1933.006225191194
2024-09-01 14:04:23.510,0 days 01:56:39.591000,44.0,941.2366704533322,0 days 00:00:40.738000,11108.34513152,239.74000384,6,100.0,False,0,pos,2672.584650271582,0.4631247342497544,OnTrack,10980.0,14195.0,1933.0
2024-09-01 14:04:23.673,0 days 01:56:39.754000,44.0,944.4513888888872,0 days 00:00:40.901000,11220.0,243.0,6,100.0,False,0,car,2683.9219444444457,0.4650893423119855,OnTrack,10990.191273615625,14045.304340227682,1932.9793654375585
2024-09-01 14:04:23.913,0 days 01:56:39.994000,44.0,948.851388888888,0 days 00:00:41.141000,11345.0,247.0,6,100.0,False,0,car,2700.8552777777786,0.4680236723805075,OnTrack,11002.430044579844,13878.085859208546,1932.9950478706617
2024-09-01 14:04:23.930,0 days 01:56:40.011000,44.0,949.139443359999,0 days 00:00:41.158000,11362.495767466668,247.28333226666663,6,100.0,False,0,pos,2702.064806827689,0.468233268293494,OnTrack,11003.0,13871.0,1933.0
2024-09-01 14:04:24.153,0 days 01:56:40.234000,44.0,952.9180555555544,0 days 00:00:41.381000,11592.0,251.0,6,100.0,False,0,car,2718.055277777779,0.4710042123713686,OnTrack,11009.136815240325,13807.773154896637,1933.0207570213847
2024-09-01 14:04:24.170,0 days 01:56:40.251000,44.0,953.1777767999988,0 days 00:00:41.398000,11601.8812128,251.265624,6,100.0,False,0,pos,2719.2842519574347,0.4712171778766127,OnTrack,11010.0,13799.0,1933.0
2024-09-01 14:04:24.473,0 days 01:56:40.554000,44.0,957.8069444444436,0 days 00:00:41.701000,11778.0,256.0,6,100.0,False,0,car,2741.4330555555566,0.4750552822297482,OnTrack,11036.160808073317,13524.545062871744,1932.094725494732
2024-09-01 14:04:24.510,0 days 01:56:40.591000,44.0,958.3619473244436,0 days 00:00:41.738000,11694.749568,256.18500096,6,94.4499712,False,0,pos,2744.170049183595,0.475529568215975,OnTrack,11039.0,13495.0,1932.0
2024-09-01 14:04:24.673,0 days 01:56:40.754000,44.0,960.8069444444432,0 days 00:00:41.901000,11328.0,257.0,6,70.0,False,0,car,2756.099722222224,0.4775968279583894,OnTrack,11048.214239366484,13401.225851361633,1931.739221094728
2024-09-01 14:04:24.830,0 days 01:56:40.911000,44.0,964.3394487644432,0 days 00:00:42.058000,11038.671074742855,241.2999808,6,30.749952,False,0,pos,2766.735584682294,0.4794398868769672,OnTrack,11055.0,13322.0,1932.0
2024-09-01 14:04:24.953,0 days 01:56:41.034000,44.0,967.1069444444432,0 days 00:00:42.181000,10812.0,229.0,6,0.0,False,0,car,2774.455277777779,0.4807776109460525,OnTrack,11060.81754692907,13238.377821435935,1932.711448298221
2024-09-01 14:04:25.030,0 days 01:56:41.111000,44.0,969.6308396266654,0 days 00:00:42.258000,10650.824598109091,222.3499834181818,6,0.0,False,0,pos,2779.0243500062925,0.4815693727192046,OnTrack,11064.0,13186.0,1933.0
2024-09-01 14:04:25.270,0 days 01:56:41.351000,44.0,977.4975062933318,0 days 00:00:42.498000,10148.460961745455,201.6227106909091,6,0.0,True,0,pos,2792.1237040050623,0.4838393232103546,OnTrack,11067.0,13043.0,1932.0
2024-09-01 14:04:25.393,0 days 01:56:41.474000,44.0,981.5291666666648,0 days 00:00:42.621000,9891.0,191.0,6,0.0,True,0,car,2798.6552777777792,0.4849711613983105,OnTrack,11059.924068945738,12955.620806379971,1930.7888445328529
2024-09-01 14:04:25.570,0 days 01:56:41.651000,44.0,987.7241627677544,0 days 00:00:42.798000,9519.96676071183,185.07531753631665,6,0.7405853079604195,True,0,pos,2808.034054795447,0.4865963834893876,OnTrack,11043.0,12833.0,1929.0
2024-09-01 14:04:25.632,0 days 01:56:41.713000,44.0,989.8941666666656,0 days 00:00:42.860000,9390.0,183.0,5,1.0,True,0,car,2811.269166666668,0.4871569869956134,OnTrack,11036.99035599695,12801.150675966146,1928.6029136603715
2024-09-01 14:04:25.952,0 days 01:56:42.033000,44.0,998.4274999999988,0 days 00:00:43.180000,9189.0,175.0,5,7.0,False,0,car,2827.4469444444458,0.4899603889508419,OnTrack,10997.020336747684,12697.34599967244,1928.0289297185927
2024-09-01 14:04:25.990,0 days 01:56:42.071000,44.0,999.3247252444432,0 days 00:00:43.218000,9202.5375456,174.2874976,5,10.0,False,0,pos,2829.3404164796893,0.4902885034347152,OnTrack,10989.0,12683.0,1928.0
2024-09-01 14:04:26.112,0 days 01:56:42.193000,44.0,1002.2052777777762,0 days 00:00:43.340000,9246.0,172.0,5,10.0,False,0,car,2835.402500000001,0.4913389849672867,OnTrack,10957.888556724269,12630.566361470866,1927.9219905131688
2024-09-01 14:04:26.169,0 days 01:56:42.250000,44.0,1002.9811102399988,0 days 00:00:43.397000,9258.587485866668,172.0,5,10.0,False,0,pos,2838.231285996504,0.4918291773968312,OnTrack,10943.0,12607.0,1928.0
2024-09-01 14:04:26.352,0 days 01:56:42.433000,44.0,1005.4719444444436,0 days 00:00:43.580000,9299.0,172.0,5,10.0,False,0,car,2847.3358333333344,0.4934068789919537,OnTrack,10888.78768321384,12537.599388985547,1928.9026252288177
2024-09-01 14:04:26.369,0 days 01:56:42.450000,44.0,1005.6136105777769,0 days 00:00:43.597000,9305.98211657143,172.24285622857144,5,10.0,False,0,pos,2848.187959454319,0.4935545415489799,OnTrack,10880.0,12529.0,1929.0
2024-09-01 14:04:26.549,0 days 01:56:42.630000,44.0,1007.1136105777769,0 days 00:00:43.777000,9379.910688,174.8142848,5,85.2178496,False,0,pos,2857.292863636967,0.4951323049809185,OnTrack,10757.0,12422.0,1930.0
2024-09-01 14:04:26.632,0 days 01:56:42.713000,44.0,1007.8052777777766,0 days 00:00:43.860000,9414.0,176.0,5,95.0,False,0,car,2861.569166666668,0.4958733335967942,OnTrack,10723.02658698563,12394.699321575728,1930.462596534032
2024-09-01 14:04:26.832,0 days 01:56:42.913000,44.0,1008.7497222222204,0 days 00:00:44.060000,10303.0,183.0,5,100.0,False,0,car,2872.124722222224,0.4977024763560435,OnTrack,10690.443791277114,12376.481274733313,1931.0507722407528
2024-09-01 14:04:26.849,0 days 01:56:42.930000,44.0,1008.7402778133315,0 days 00:00:44.077000,10301.406256,183.7437472,5,100.0,False,0,pos,2873.0406863724797,0.4978612012269757,OnTrack,10686.0,12374.0,1931.0
2024-09-01 14:04:26.992,0 days 01:56:43.073000,44.0,1008.660833333332,0 days 00:00:44.220000,10288.0,190.0,5,100.0,False,0,car,2880.880277777779,0.4992197021395051,OnTrack,10632.868453560468,12342.913031902635,1929.8749418528228
2024-09-01 14:04:27.169,0 days 01:56:43.250000,44.0,1007.5300002284054,0 days 00:00:44.397000,10629.640828750657,195.7381534544684,5,100.0,False,0,pos,2890.988464570978,0.5009713216146344,OnTrack,10532.0,12286.0,1928.0
2024-09-01 14:04:27.393,0 days 01:56:43.474000,44.0,1006.0988888888874,0 days 00:00:44.621000,11062.0,207.5,5,100.0,False,0,car,2904.271944444446,0.5032731787646733,OnTrack,10368.224515043976,12203.060763477357,1927.089285923524
2024-09-01 14:04:27.429,0 days 01:56:43.510000,44.0,1005.7288888888874,0 days 00:00:44.657000,11099.26,208.4,5,100.0,False,0,pos,2906.4369890513835,0.5036483533014741,OnTrack,10346.0,12192.0,1927.0
2024-09-01 14:04:27.793,0 days 01:56:43.874000,44.0,1001.9877777777764,0 days 00:00:45.021000,11476.0,217.5,5,100.0,False,0,car,2928.7163888888904,0.5075090883124085,OnTrack,10201.439239076835,12119.74015597541,1926.064246399381
2024-09-01 14:04:27.809,0 days 01:56:43.890000,44.0,1001.8188888888876,0 days 00:00:45.037000,11493.066666666668,217.83333333333331,5,100.0,False,0,pos,2929.7058156468847,0.5076805433135846,OnTrack,10194.0,12116.0,1926.0
2024-09-01 14:04:28.009,0 days 01:56:44.090000,44.0,999.707777777776,0 days 00:00:45.237000,11706.4,222.0,5,100.0,False,0,pos,2942.186544044544,0.5098432939010439,OnTrack,10084.0,12060.0,1925.0
2024-09-01 14:04:28.033,0 days 01:56:44.114000,44.0,999.4544444444429,0 days 00:00:45.261000,11732.0,222.5,5,100.0,False,0,car,2943.7163888888904,0.5101083964439733,OnTrack,10070.493429377835,12052.861539372634,1924.8681635345315
2024-09-01 14:04:28.229,0 days 01:56:44.310000,44.0,997.439999999998,0 days 00:00:45.457000,11298.077777777778,229.57777777777775,5,100.0,False,0,pos,2956.530936509348,0.5123289936327853,OnTrack,9961.0,11994.0,1924.0
2024-09-01 14:04:28.289,0 days 01:56:44.370000,44.0,996.8233333333314,0 days 00:00:45.517000,11165.244444444445,231.74444444444444,5,100.0,False,0,pos,2960.5381855662736,0.5130233986367102,OnTrack,9926.0,11976.0,1924.0
2024-09-01 14:04:28.393,0 days 01:56:44.474000,44.0,995.7544444444424,0 days 00:00:45.621000,10935.0,235.5,5,100.0,False,0,car,2967.5163888888906,0.514232632012723,OnTrack,9865.893012905826,11943.908186940213,1924.371583676002
2024-09-01 14:04:28.529,0 days 01:56:44.610000,44.0,994.4699999999982,0 days 00:00:45.757000,10976.555555555557,238.14444444444445,5,100.0,False,0,pos,2976.703553564852,0.5158246501359398,OnTrack,9788.0,11901.0,1925.0
2024-09-01 14:04:28.709,0 days 01:56:44.790000,44.0,992.7699999999984,0 days 00:00:45.937000,11031.555555555557,241.64444444444445,5,100.0,False,0,pos,2988.9869244083247,0.517953201183704,OnTrack,9681.0,11843.0,1925.0
2024-09-01 14:04:28.753,0 days 01:56:44.834000,44.0,992.3544444444428,0 days 00:00:45.981000,11045.0,242.5,6,100.0,False,0,car,2992.0163888888906,0.5184781686276122,OnTrack,9651.680678229244,11827.270225381855,1924.9906572275008
2024-09-01 14:04:29.033,0 days 01:56:45.114000,44.0,989.6322222222202,0 days 00:00:46.261000,11309.0,248.5,6,100.0,False,0,car,3011.538611111113,0.5218611200255081,OnTrack,9439.338950032963,11713.809113774196,1925.0393799553235
2024-09-01 14:04:29.069,0 days 01:56:45.150000,44.0,989.2922222222204,0 days 00:00:46.297000,11346.05,249.25,6,100.0,False,0,pos,3014.0768170798106,0.5223009586531097,OnTrack,9412.0,11699.0,1925.0
2024-09-01 14:04:29.273,0 days 01:56:45.354000,44.0,987.3655555555542,0 days 00:00:46.501000,11556.0,253.5,6,100.0,False,0,car,3028.605277777779,0.5248185550551996,OnTrack,9262.022934894178,11616.455509172789,1924.485873456508
2024-09-01 14:04:29.469,0 days 01:56:45.550000,44.0,985.4055555555542,0 days 00:00:46.697000,11665.76,259.38,6,100.0,False,0,pos,3042.867780835148,0.5272900644000986,OnTrack,9123.0,11538.0,1924.0
2024-09-01 14:04:29.473,0 days 01:56:45.554000,44.0,985.3655555555542,0 days 00:00:46.701000,11668.0,259.5,6,100.0,False,0,car,3043.1608333333347,0.5273408466495328,OnTrack,9120.18664076481,11536.39432624465,1923.9948207549355
2024-09-01 14:04:29.673,0 days 01:56:45.754000,44.0,983.4766666666646,0 days 00:00:46.901000,10861.0,262.5,6,100.0,False,0,car,3057.8830555555573,0.529892019445328,OnTrack,8981.445564682535,11456.324398020835,1923.968200998235
2024-09-01 14:04:29.810,0 days 01:56:45.891000,44.0,982.3350005333316,0 days 00:00:47.038000,10805.710740114286,263.96785645714283,6,100.0,False,0,pos,3068.031267332883,0.5316505747382378,OnTrack,8905.0,11412.0,1924.0
2024-09-01 14:04:29.953,0 days 01:56:46.034000,44.0,981.143333333332,0 days 00:00:47.181000,10748.0,265.5,7,100.0,False,0,car,3078.7275000000013,0.5335040950414878,OnTrack,8851.76203681102,11381.396134420727,1923.9412676558932
2024-09-01 14:04:30.170,0 days 01:56:46.251000,44.0,979.3952782933322,0 days 00:00:47.398000,10908.0374528,270.2468736,7,100.0,False,0,pos,3095.256733154248,0.5363683997179121,OnTrack,8760.0,11330.0,1924.0
2024-09-01 14:04:30.273,0 days 01:56:46.354000,44.0,978.5655555555544,0 days 00:00:47.501000,10984.0,272.5,7,100.0,False,0,car,3103.1719444444457,0.537740004589223,OnTrack,8675.692925908723,11283.083172496335,1924.278506901641
2024-09-01 14:04:30.473,0 days 01:56:46.554000,44.0,976.8988888888877,0 days 00:00:47.701000,11080.0,275.5,7,100.0,False,0,car,3118.6163888888905,0.5404163292580195,OnTrack,8489.412693864073,11179.387326215254,1924.966968936616
2024-09-01 14:04:30.490,0 days 01:56:46.571000,44.0,976.7525005511096,0 days 00:00:47.718000,11088.4468432,275.6593744,7,100.0,False,0,pos,3119.936373236291,0.540645065661202,OnTrack,8478.0,11173.0,1925.0
2024-09-01 14:04:30.790,0 days 01:56:46.871000,44.0,974.169165013332,0 days 00:00:48.018000,11237.5094704,278.4718768,7,100.0,False,0,pos,3143.3602590460723,0.5447041254517493,OnTrack,8343.0,11096.0,1925.0
2024-09-01 14:04:30.793,0 days 01:56:46.874000,44.0,974.143333333332,0 days 00:00:48.021000,11239.0,278.5,7,100.0,False,0,car,3143.594166666668,0.5447446586504326,OnTrack,8340.896717552629,11094.793461010064,1924.9983338401669
2024-09-01 14:04:30.953,0 days 01:56:47.034000,44.0,972.9433333333318,0 days 00:00:48.181000,11326.0,278.5,7,100.0,False,0,car,3156.0830555555567,0.5469088233466392,OnTrack,8188.018184827728,11007.219897147676,1924.915475330159
2024-09-01 14:04:31.110,0 days 01:56:47.191000,44.0,971.7222207288876,0 days 00:00:48.338000,11387.8188256,281.9343792,7,100.0,False,0,pos,3168.565828846288,0.5490719282879111,OnTrack,8042.0,10924.0,1925.0
2024-09-01 14:04:31.273,0 days 01:56:47.354000,44.0,970.4544444444432,0 days 00:00:48.501000,11452.0,285.5,7,100.0,False,0,car,3181.6830555555566,0.5513449758911765,OnTrack,7975.521365800403,10887.049051554332,1925.414562628838
2024-09-01 14:04:31.430,0 days 01:56:47.511000,44.0,969.2769430044434,0 days 00:00:48.658000,11500.408392533333,287.4625024,7,100.0,False,0,pos,3194.3481021497246,0.5535396664644345,OnTrack,7903.0,10843.0,1926.0
2024-09-01 14:04:31.513,0 days 01:56:47.594000,44.0,968.6544444444436,0 days 00:00:48.741000,11526.0,288.5,7,100.0,False,0,car,3201.0830555555567,0.5547067477413337,OnTrack,7826.706176766677,10794.91754063136,1926.3341184562437
2024-09-01 14:04:31.710,0 days 01:56:47.791000,44.0,967.2316652799988,0 days 00:00:48.938000,11493.166634666666,291.78333653333334,7,100.0,False,0,pos,3217.214200435508,0.5575020688118609,OnTrack,7614.0,10659.0,1927.0
2024-09-01 14:04:31.753,0 days 01:56:47.834000,44.0,966.92111111111,0 days 00:00:48.981000,11486.0,292.5,7,100.0,False,0,car,3220.749722222224,0.5581147295138299,OnTrack,7583.937937060766,10639.468118238918,1927.062321767194
2024-09-01 14:04:31.993,0 days 01:56:48.074000,44.0,965.2544444444434,0 days 00:00:49.221000,10693.0,294.5,8,100.0,False,0,car,3240.5497222222234,0.5615458162474954,OnTrack,7504.485118381511,10583.430213120972,1926.9890073460024
2024-09-01 14:04:32.050,0 days 01:56:48.131000,44.0,964.8744449582784,0 days 00:00:49.278000,10705.666649538833,295.1129023970404,8,100.0,False,0,pos,3245.278884458078,0.562365319571172,OnTrack,7479.0,10564.0,1927.0
2024-09-01 14:04:32.272,0 days 01:56:48.353000,44.0,963.3944444444433,0 days 00:00:49.500000,10755.0,297.5,8,100.0,False,0,car,3263.799722222224,0.565574743851421,OnTrack,7326.742049518455,10447.016500231215,1927.115247966981
2024-09-01 14:04:32.310,0 days 01:56:48.391000,44.0,963.1516658488878,0 days 00:00:49.538000,10762.19288137143,297.90714422857144,8,100.0,False,0,pos,3266.9838504318773,0.5661265125412407,OnTrack,7300.0,10426.0,1927.0
2024-09-01 14:04:32.450,0 days 01:56:48.531000,44.0,962.2572230399992,0 days 00:00:49.678000,10788.692832914288,299.4071414857143,8,100.0,False,0,pos,3278.7495164691377,0.5681653519681692,OnTrack,7208.0,10352.0,1926.0
2024-09-01 14:04:32.552,0 days 01:56:48.633000,44.0,961.6055555555548,0 days 00:00:49.780000,10808.0,300.5,8,100.0,False,0,car,3287.3663888888905,0.569658545738124,OnTrack,7141.374683617798,10297.124933578389,1924.5511329126025
2024-09-01 14:04:32.709,0 days 01:56:48.790000,44.0,960.6897225955548,0 days 00:00:49.937000,10850.78248256,302.06999936,8,100.0,False,0,pos,3300.711478062508,0.5719710789918201,OnTrack,7038.0,10212.0,1922.0
2024-09-01 14:04:32.889,0 days 01:56:48.970000,44.0,959.6397225955548,0 days 00:00:50.117000,10899.83248256,303.86999936,8,100.0,False,0,pos,3316.093919487752,0.5746366593304839,OnTrack,6920.0,10117.0,1920.0
2024-09-01 14:04:32.952,0 days 01:56:49.033000,44.0,959.2722222222214,0 days 00:00:50.180000,10917.0,304.5,8,100.0,False,0,car,3321.4775000000013,0.5755695649706455,OnTrack,6879.216324026378,10082.379145206747,1918.8966454301312
2024-09-01 14:04:33.089,0 days 01:56:49.170000,44.0,958.511111466666,0 days 00:00:50.317000,10954.104149333334,305.0708330666667,8,100.0,False,0,pos,3333.182324976684,0.5775978614200077,OnTrack,6791.0,10005.0,1916.0
2024-09-01 14:04:33.192,0 days 01:56:49.273000,44.0,957.938888888888,0 days 00:00:50.420000,10982.0,305.5,8,100.0,False,0,car,3342.010833333334,0.5791277289907432,OnTrack,6724.170364836476,9946.934736516214,1914.1660703660225
2024-09-01 14:04:33.309,0 days 01:56:49.390000,44.0,957.353889208888,0 days 00:00:50.537000,11013.00498304,306.66999936,8,100.0,False,0,pos,3352.094325203919,0.5808750691516616,OnTrack,6648.0,9881.0,1912.0
2024-09-01 14:04:33.549,0 days 01:56:49.630000,44.0,956.1538892088884,0 days 00:00:50.777000,11076.60498304,309.06999936,8,100.0,False,0,pos,3372.931485947794,0.5844858825756802,OnTrack,6492.0,9745.0,1906.0
2024-09-01 14:04:33.592,0 days 01:56:49.673000,44.0,955.9388888888884,0 days 00:00:50.820000,11088.0,309.5,8,100.0,False,0,car,3376.677500000001,0.5851350188948041,OnTrack,6464.000048738919,9720.561349788311,1905.0106077990613
2024-09-01 14:04:33.789,0 days 01:56:49.870000,44.0,955.0086112484086,0 days 00:00:51.017000,11120.19667114844,311.1371188719546,8,100.0,False,0,pos,3393.882916152985,0.588116497435698,OnTrack,6335.0,9608.0,1901.0
2024-09-01 14:04:33.953,0 days 01:56:50.034000,44.0,954.2341666666666,0 days 00:00:51.181000,11147.0,312.5,8,100.0,False,0,car,3408.265000000001,0.5906087286018576,OnTrack,6226.315301976476,9513.251831567935,1897.7408913065428
2024-09-01 14:04:33.989,0 days 01:56:50.070000,44.0,954.0641666666664,0 days 00:00:51.217000,11152.58,312.86,8,100.0,False,0,pos,3411.429644128744,0.5911571209496811,OnTrack,6203.0,9493.0,1897.0
2024-09-01 14:04:34.153,0 days 01:56:50.234000,44.0,953.2897222222214,0 days 00:00:51.381000,11178.0,314.5,8,100.0,False,0,car,3425.876111111112,0.5936605088896579,OnTrack,6095.954163252057,9400.36278954039,1893.390492398576
2024-09-01 14:04:34.169,0 days 01:56:50.250000,44.0,953.2186111111102,0 days 00:00:51.397000,11183.066666666668,314.56666666666666,8,100.0,False,0,pos,3427.287354250296,0.5939050592741443,OnTrack,6084.0,9390.0,1893.0
2024-09-01 14:04:34.393,0 days 01:56:50.474000,44.0,952.2230555555552,0 days 00:00:51.621000,11254.0,315.5,8,100.0,False,0,car,3447.0761111111124,0.5973341977156029,OnTrack,5895.24419791375,9225.802907042702,1887.3015753070824
2024-09-01 14:04:34.409,0 days 01:56:50.490000,44.0,952.160833333333,0 days 00:00:51.637000,11258.25,315.55,8,100.0,False,0,pos,3448.491945939077,0.5975795437810216,OnTrack,5884.0,9216.0,1887.0
2024-09-01 14:04:34.669,0 days 01:56:50.750000,44.0,951.1497222222214,0 days 00:00:51.897000,11327.3125,316.3625,8,100.0,False,0,pos,3471.532551759293,0.6015721860519995,OnTrack,5751.0,9100.0,1884.0
2024-09-01 14:04:34.713,0 days 01:56:50.794000,44.0,950.9786111111102,0 days 00:00:51.941000,11339.0,316.5,8,100.0,False,0,car,3475.431666666668,0.6022478527909759,OnTrack,5725.720564219213,9078.105352349185,1883.3147609352773
2024-09-01 14:04:34.953,0 days 01:56:51.034000,44.0,950.178611111111,0 days 00:00:52.181000,11382.0,316.5,8,100.0,False,0,car,3496.698333333334,0.6059330940975055,OnTrack,5561.152011523421,8935.729948915638,1878.320107560306
2024-09-01 14:04:34.969,0 days 01:56:51.050000,44.0,950.129722222222,0 days 00:00:52.197000,11382.8,316.5571428571429,8,100.0,False,0,pos,3498.1182968938274,0.60617915561946,OnTrack,5550.0,8926.0,1878.0
2024-09-01 14:04:35.189,0 days 01:56:51.270000,44.0,949.4575,0 days 00:00:52.417000,11393.8,317.3428571428572,8,100.0,False,0,pos,3517.674543353873,0.6095680029825589,OnTrack,5403.0,8797.0,1875.0
2024-09-01 14:04:35.233,0 days 01:56:51.314000,44.0,949.3230555555556,0 days 00:00:52.461000,11396.0,317.5,8,100.0,False,0,car,3521.5872222222238,0.6102460201824724,OnTrack,5376.453389362389,8773.895980526228,1875.1791525766323
2024-09-01 14:04:35.409,0 days 01:56:51.490000,44.0,948.9319444444442,0 days 00:00:52.637000,11384.45,317.5,8,100.0,False,0,pos,3537.23373961649,0.6129573615087118,OnTrack,5255.0,8669.0,1877.0
2024-09-01 14:04:35.553,0 days 01:56:51.634000,44.0,948.611944444444,0 days 00:00:52.781000,11375.0,317.5,8,100.0,False,0,car,3550.031666666668,0.6151750785652917,OnTrack,5088.127343438986,8524.477214679153,1875.3825359604268
2024-09-01 14:04:35.589,0 days 01:56:51.670000,44.0,948.5419444444436,0 days 00:00:52.817000,11378.6,317.5,8,100.0,False,0,pos,3553.2307639742667,0.6157294412083124,OnTrack,5053.0,8494.0,1875.0
2024-09-01 14:04:35.713,0 days 01:56:51.794000,44.0,948.300833333332,0 days 00:00:52.941000,11391.0,317.5,8,100.0,False,0,car,3564.2538888888903,0.6176396077567015,OnTrack,4978.52347688738,8429.141297072707,1874.583961586992
2024-09-01 14:04:35.909,0 days 01:56:51.990000,44.0,948.0286111111096,0 days 00:00:53.137000,11369.3,318.2,8,100.0,False,0,pos,3581.721273064873,0.620666482005088,OnTrack,4919.0,8377.0,1876.0
2024-09-01 14:04:35.993,0 days 01:56:52.074000,44.0,947.9119444444432,0 days 00:00:53.221000,11360.0,318.5,8,100.0,False,0,car,3589.2205555555565,0.6219660117356837,OnTrack,4868.925174710985,8333.634995456368,1876.9791033350807
2024-09-01 14:04:36.129,0 days 01:56:52.210000,44.0,947.760833333332,0 days 00:00:53.357000,11387.818181818182,318.8090909090909,8,100.0,False,0,pos,3601.376000807097,0.6240723949146916,OnTrack,4770.0,8248.0,1879.0
2024-09-01 14:04:36.350,0 days 01:56:52.431000,44.0,947.5152775644432,0 days 00:00:53.578000,11433.022766545457,319.31136407272726,8,100.0,False,0,pos,3621.152327004926,0.6274993792812582,OnTrack,4622.0,8119.0,1883.0
2024-09-01 14:04:36.433,0 days 01:56:52.514000,44.0,947.423055555554,0 days 00:00:53.661000,11450.0,319.5,8,100.0,False,0,car,3628.576111111112,0.6287858261075376,OnTrack,4570.562406567347,8074.083207720997,1884.222635266552
2024-09-01 14:04:36.593,0 days 01:56:52.674000,44.0,947.2452777777776,0 days 00:00:53.821000,11439.0,319.5,8,100.0,False,0,car,3642.887222222223,0.6312657586063934,OnTrack,4464.75857546861,7981.764493945687,1886.349951470668
2024-09-01 14:04:36.670,0 days 01:56:52.751000,44.0,947.1811109511102,0 days 00:00:53.898000,11437.45999616,319.88500096,8,100.0,False,0,pos,3649.790302575757,0.6324619741327792,OnTrack,4388.0,7915.0,1888.0
2024-09-01 14:04:36.793,0 days 01:56:52.874000,44.0,947.0786111111092,0 days 00:00:54.021000,11435.0,320.5,8,100.0,False,0,car,3660.831666666668,0.6343753012971174,OnTrack,4228.536995874887,7776.5156176341725,1891.593657380512
2024-09-01 14:04:36.850,0 days 01:56:52.931000,44.0,947.062777795554,0 days 00:00:54.078000,11437.590906181818,320.5,8,100.0,False,0,pos,3665.947207134364,0.6352617590261195,OnTrack,4168.0,7724.0,1893.0
2024-09-01 14:04:37.130,0 days 01:56:53.211000,44.0,946.9850000177768,0 days 00:00:54.358000,11450.31817890909,320.5,8,100.0,False,0,pos,3691.0663963557954,0.6396145932128918,OnTrack,4073.0,7642.0,1895.0
2024-09-01 14:04:37.233,0 days 01:56:53.314000,44.0,946.9563888888885,0 days 00:00:54.461000,11455.0,320.5,8,100.0,False,0,car,3700.3094444444455,0.6412162952167099,OnTrack,4019.150799073481,7595.221562624656,1895.192596452024
2024-09-01 14:04:37.450,0 days 01:56:53.531000,44.0,947.0769444088876,0 days 00:00:54.678000,11398.9416832,316.0,8,100.0,False,0,pos,3719.7924534630974,0.6445924514680121,OnTrack,3857.0,7454.0,1897.0
2024-09-01 14:04:37.610,0 days 01:56:53.691000,44.0,947.165833297776,0 days 00:00:54.838000,11357.608349866669,316.0,8,100.0,False,0,pos,3734.150939045777,0.6470805933568132,OnTrack,3748.0,7359.0,1901.0
2024-09-01 14:04:37.713,0 days 01:56:53.794000,44.0,947.2230555555534,0 days 00:00:54.941000,11331.0,316.0,8,100.0,False,0,car,3743.376111111113,0.6486791976744473,OnTrack,3678.598628250807,7298.824883742003,1902.557195337328
2024-09-01 14:04:37.910,0 days 01:56:53.991000,44.0,947.441944657776,0 days 00:00:55.138000,11282.73495296,315.01499904,8,100.0,False,0,pos,3760.996331810913,0.6517325565374447,OnTrack,3545.0,7183.0,1904.0
2024-09-01 14:04:37.913,0 days 01:56:53.994000,44.0,947.445277777776,0 days 00:00:55.141000,11282.0,315.0,8,100.0,False,0,car,3761.265000000001,0.6517791132980172,OnTrack,3542.9566095152395,7181.21628593996,1904.0319954368017
2024-09-01 14:04:38.090,0 days 01:56:54.171000,44.0,947.5927777244426,0 days 00:00:55.318000,11224.4750208,315.88499968,8,100.0,False,0,pos,3777.144470985838,0.6545308225019127,OnTrack,3424.0,7077.0,1906.0
2024-09-01 14:04:38.113,0 days 01:56:54.194000,44.0,947.6119444444424,0 days 00:00:55.341000,11217.0,316.0,8,100.0,False,0,car,3779.209444444446,0.6548886559887411,OnTrack,3409.406901066459,7064.25826783957,1906.0897868311376
2024-09-01 14:04:38.270,0 days 01:56:54.351000,44.0,948.0044449244422,0 days 00:00:55.498000,11098.2686048,313.0562464,8,50.93744,False,0,pos,3793.306784953682,0.6573315447766808,OnTrack,3302.0,6971.0,1906.0
2024-09-01 14:04:38.433,0 days 01:56:54.514000,44.0,948.4119444444418,0 days 00:00:55.661000,10975.0,310.0,8,0.0,False,0,car,3807.387222222224,0.6597715044492215,OnTrack,3127.878427860083,6820.332881756968,1907.472154718416
2024-09-01 14:04:38.490,0 days 01:56:54.571000,44.0,949.092777013331,0 days 00:00:55.718000,10767.425233066666,301.9250090666667,8,0.0,False,0,pos,3812.0381880044088,0.6605774573277057,OnTrack,3079.0,6778.0,1908.0
2024-09-01 14:04:38.673,0 days 01:56:54.754000,44.0,951.2786111111096,0 days 00:00:55.901000,10101.0,276.0,8,0.0,False,0,car,3826.2538888888903,0.6630408564547008,OnTrack,3014.524417603055,6721.695112091262,1908.856761842514
2024-09-01 14:04:38.770,0 days 01:56:54.851000,44.0,952.7605545777764,0 days 00:00:55.998000,10165.8687072,268.1187552,8,0.0,False,0,pos,3833.6106247797015,0.6643156846828847,OnTrack,2986.0,6696.0,1909.0
2024-09-01 14:04:38.833,0 days 01:56:54.914000,44.0,953.7230555555544,0 days 00:00:56.061000,10208.0,263.0,8,0.0,True,0,car,3838.2538888888894,0.6651203029599526,OnTrack,2956.859785444803,6669.72927252165,1909.028786029687
2024-09-01 14:04:38.950,0 days 01:56:55.031000,44.0,956.3555591706166,0 days 00:00:56.178000,10268.703012230157,250.2719490485157,8,0.0,True,0,pos,3846.4735151325895,0.6665446590488641,OnTrack,2891.0,6610.0,1909.0
2024-09-01 14:04:39.072,0 days 01:56:55.153000,44.0,959.1005555555552,0 days 00:00:56.300000,10332.0,237.0,8,0.0,True,0,car,3854.452777777779,0.6679273632006996,OnTrack,2828.202114661939,6551.830904840758,1908.966384253268
2024-09-01 14:04:39.329,0 days 01:56:55.410000,44.0,967.5958312177772,0 days 00:00:56.557000,10059.7406928,206.4812576,8,0.0,True,0,pos,3869.324505619656,0.6705044434080203,OnTrack,2717.0,6440.0,1909.0
2024-09-01 14:04:39.392,0 days 01:56:55.473000,44.0,969.6783333333328,0 days 00:00:56.620000,9993.0,199.0,8,0.0,True,0,car,3872.76388888889,0.6711004445346395,OnTrack,2693.51754606356,6412.901314546987,1909.062238162397
2024-09-01 14:04:39.509,0 days 01:56:55.590000,44.0,974.0008309688882,0 days 00:00:56.737000,9795.771536457143,192.7321462857143,8,0.0,True,0,pos,3879.042810485444,0.6721885013321982,OnTrack,2657.0,6367.0,1909.0
2024-09-01 14:04:39.669,0 days 01:56:55.750000,44.0,979.911942079999,0 days 00:00:56.897000,9526.057250742855,184.1607177142857,8,0.0,True,0,pos,3887.462521662032,0.673647529580647,OnTrack,2627.0,6318.0,1908.0
2024-09-01 14:04:39.672,0 days 01:56:55.753000,44.0,980.0227777777768,0 days 00:00:56.900000,9521.0,184.0,5,0.0,True,0,car,3887.619444444446,0.6736747222916041,OnTrack,2626.4106557304785,6316.798572433052,1907.981544376967
2024-09-01 14:04:39.949,0 days 01:56:56.030000,44.0,990.4872198044432,0 days 00:00:57.177000,9283.571483428572,180.0428580571429,5,6.9249984,True,0,pos,3902.008111999767,0.6761680943301993,OnTrack,2564.0,6164.0,1907.0
2024-09-01 14:04:39.952,0 days 01:56:56.033000,44.0,990.6005555555544,0 days 00:00:57.180000,9281.0,180.0,5,7.0,False,0,car,3902.1638888888906,0.6761950884725066,OnTrack,2563.5034339365693,6162.5641649266,1906.99703135376
2024-09-01 14:04:40.112,0 days 01:56:56.193000,44.0,996.6005555555544,0 days 00:00:57.340000,9252.0,180.0,5,10.0,False,0,car,3910.4750000000017,0.6776352977187367,OnTrack,2546.544258254752,6102.7886273488975,1907.0741672236743
2024-09-01 14:04:40.369,0 days 01:56:56.450000,44.0,1006.238054554194,0 days 00:00:57.597000,9674.50562503483,179.4172336206416,5,10.0,False,0,pos,3923.722343492932,0.679930892896257,OnTrack,2544.0,5977.0,1907.0
2024-09-01 14:04:40.529,0 days 01:56:56.610000,44.0,1012.2380554249424,0 days 00:00:57.757000,9937.544211961063,179.05442177660544,5,10.0,False,0,pos,3932.008211939894,0.6813667279116746,OnTrack,2545.0,5815.0,1906.0
2024-09-01 14:04:40.553,0 days 01:56:56.634000,44.0,1013.1380555555548,0 days 00:00:57.781000,9977.0,179.0,5,10.0,False,0,car,3933.2600000000016,0.6815836467705836,OnTrack,2545.1085412510897,5794.312587172041,1905.865467040936
2024-09-01 14:04:40.713,0 days 01:56:56.794000,44.0,1018.9602777777764,0 days 00:00:57.941000,10178.0,183.0,5,10.0,False,0,car,3941.7044444444464,0.6830469609779831,OnTrack,2545.170201687628,5700.225766208009,1905.2426559812195
2024-09-01 14:04:40.929,0 days 01:56:57.010000,44.0,1026.0402777777765,0 days 00:00:58.157000,10448.0,191.4857142857143,5,100.0,False,0,pos,3953.6932729010855,0.6851244715976683,OnTrack,2543.0,5628.0,1905.0
2024-09-01 14:04:40.993,0 days 01:56:57.074000,44.0,1028.1380555555545,0 days 00:00:58.221000,10528.0,194.0,5,100.0,False,0,car,3957.33777777778,0.685756017675103,OnTrack,2541.7634187602835,5603.782007717456,1905.0244676541229
2024-09-01 14:04:41.289,0 days 01:56:57.370000,44.0,1034.7980555555553,0 days 00:00:58.517000,11090.4,202.325,5,93.525,False,0,pos,3974.579714150382,0.6887438247029182,OnTrack,2528.0,5470.0,1905.0
2024-09-01 14:04:41.313,0 days 01:56:57.394000,44.0,1035.3380555555557,0 days 00:00:58.541000,11136.0,203.0,5,93.0,False,0,car,3976.004444444446,0.688990712238828,OnTrack,2525.71217761404,5457.022576536693,1904.8950268691265
2024-09-01 14:04:41.449,0 days 01:56:57.530000,44.0,1036.8869444444442,0 days 00:00:58.677000,11281.066666666668,206.96666666666667,5,95.83333333333331,False,0,pos,3984.152219860905,0.6904026174984391,OnTrack,2509.0,5379.0,1904.0
2024-09-01 14:04:41.553,0 days 01:56:57.634000,44.0,1038.0713888888886,0 days 00:00:58.781000,11392.0,210.0,5,98.0,False,0,car,3990.471111111113,0.6914976005257151,OnTrack,2491.927577554192,5318.852498884342,1903.1121723109643
2024-09-01 14:04:41.689,0 days 01:56:57.770000,44.0,1038.2980555555553,0 days 00:00:58.917000,11535.48,216.88,5,98.68,False,0,pos,3998.852839591762,0.6929500468588031,OnTrack,2465.0,5241.0,1902.0
2024-09-01 14:04:41.929,0 days 01:56:58.010000,44.0,1038.6980555555556,0 days 00:00:59.157000,11788.68,221.08,5,99.88,False,0,pos,4013.8582041679656,0.6955502846028045,OnTrack,2406.0,5106.0,1901.0
2024-09-01 14:04:41.953,0 days 01:56:58.034000,44.0,1038.7380555555555,0 days 00:00:59.181000,11814.0,221.5,5,100.0,False,0,car,4015.3600000000015,0.6958105266106819,OnTrack,2398.6858451497174,5092.270922814766,1900.9239315541345
2024-09-01 14:04:42.113,0 days 01:56:58.194000,44.0,1038.7380555555546,0 days 00:00:59.341000,11709.0,223.5,5,100.0,False,0,car,4025.404444444446,0.697551100352115,OnTrack,2342.6041703724454,4999.381445467244,1900.4441576961576
2024-09-01 14:04:42.229,0 days 01:56:58.310000,44.0,1038.2869444444434,0 days 00:00:59.457000,11719.875,227.125,5,100.0,False,0,pos,4032.826948694405,0.6988373253956811,OnTrack,2299.0,4937.0,1900.0
2024-09-01 14:04:42.273,0 days 01:56:58.354000,44.0,1038.1158333333324,0 days 00:00:59.501000,11724.0,228.5,5,100.0,False,0,car,4035.6711111111126,0.6993301823621637,OnTrack,2282.4724920142685,4915.276904920258,1899.7937704457383
2024-09-01 14:04:42.449,0 days 01:56:58.530000,44.0,1036.8447222222217,0 days 00:00:59.677000,11198.2,231.8,5,100.0,False,0,pos,4047.1824716513697,0.7013249538993414,OnTrack,2215.0,4837.0,1899.0
2024-09-01 14:04:42.593,0 days 01:56:58.674000,44.0,1035.8047222222222,0 days 00:00:59.821000,10768.0,234.5,6,100.0,False,0,car,4056.7377777777792,0.7029807662269393,OnTrack,2154.8545192021083,4778.449354198354,1898.942515271505
2024-09-01 14:04:42.753,0 days 01:56:58.834000,44.0,1034.204722222221,0 days 00:00:59.981000,10993.0,239.5,6,100.0,False,0,car,4067.493333333335,0.7048445664279428,OnTrack,2074.436598733842,4695.174865181777,1899.025533467135
2024-09-01 14:04:42.769,0 days 01:56:58.850000,44.0,1033.9958333333325,0 days 00:00:59.997000,11005.08,239.9,6,100.0,False,0,pos,4068.581100782596,0.7050330626130171,OnTrack,2065.0,4684.0,1899.0
2024-09-01 14:04:42.953,0 days 01:56:59.034000,44.0,1031.593611111111,0 days 00:01:00.181000,11144.0,244.5,6,100.0,False,0,car,4081.215555555557,0.7072224520149669,OnTrack,1941.8963348128657,4523.509148006772,1898.3004778945003
2024-09-01 14:04:43.050,0 days 01:56:59.131000,44.0,1030.273334204444,0 days 00:01:00.278000,11216.1437024,245.1062496,6,100.0,False,0,pos,4087.883311573713,0.7083778888441192,OnTrack,1897.0,4461.0,1898.0
2024-09-01 14:04:43.113,0 days 01:56:59.194000,44.0,1029.4158333333326,0 days 00:01:00.341000,11263.0,245.5,6,100.0,False,0,car,4092.2377777777792,0.7091324621383094,OnTrack,1882.9100571702857,4439.978459534465,1897.9220019112056
2024-09-01 14:04:43.270,0 days 01:56:59.351000,44.0,1026.799163466666,0 days 00:01:00.498000,11325.8000768,248.77083733333333,6,100.0,False,0,pos,4103.237235908431,0.7110385275357634,OnTrack,1873.0,4412.0,1898.0
2024-09-01 14:04:43.353,0 days 01:56:59.434000,44.0,1025.4158333333326,0 days 00:01:00.581000,11359.0,250.5,6,100.0,False,0,car,4109.104444444446,0.7120552397262467,OnTrack,1856.574349324408,4369.761612782728,1898.0727198604527
2024-09-01 14:04:43.490,0 days 01:56:59.571000,44.0,1022.9802789155548,0 days 00:01:00.718000,11452.616622933334,252.2124992,6,100.0,False,0,pos,4118.834532539332,0.7137413395333053,OnTrack,1819.0,4266.0,1898.0
2024-09-01 14:04:43.593,0 days 01:56:59.674000,44.0,1021.149166666666,0 days 00:01:00.821000,11523.0,253.5,6,100.0,False,0,car,4126.171111111113,0.7150126747559383,OnTrack,1794.3265681361647,4176.2218213377855,1897.5263700475032
2024-09-01 14:04:43.830,0 days 01:56:59.911000,44.0,1017.1991634666662,0 days 00:01:01.058000,11621.75008,254.81666773333336,6,100.0,False,0,pos,4143.089921107495,0.7179444881159383,OnTrack,1753.0,3969.0,1896.0
2024-09-01 14:04:43.953,0 days 01:57:00.034000,44.0,1015.149166666666,0 days 00:01:01.181000,11673.0,255.5,6,100.0,False,0,car,4151.971111111113,0.7194834847422299,OnTrack,1742.0835649219316,3893.293082700181,1895.835554995279
2024-09-01 14:04:44.150,0 days 01:57:00.231000,44.0,1011.7563855822208,0 days 00:01:01.378000,10648.5990016,261.41000576,6,100.0,False,0,pos,4166.415635720449,0.7219865360938057,OnTrack,1733.0,3794.0,1896.0
2024-09-01 14:04:44.153,0 days 01:57:00.234000,44.0,1011.7047222222208,0 days 00:01:01.381000,10633.0,261.5,6,100.0,False,0,car,4166.63777777778,0.7220250304708711,OnTrack,1732.8518264392646,3792.337156922861,1895.9990245514985
2024-09-01 14:04:44.833,0 days 01:57:00.914000,44.0,1000.7491666666656,0 days 00:01:02.061000,10916.0,271.5,7,100.0,False,0,car,4218.393333333335,0.7309936062314852,OnTrack,1686.3854904396176,3285.4596006883608,1893.229757441179
2024-09-01 14:04:44.870,0 days 01:57:00.951000,44.0,1000.1941637866656,0 days 00:01:02.098000,10935.4251008,272.27083733333336,7,100.0,False,0,pos,4221.251067838424,0.7314888150672807,OnTrack,1683.0,3251.0,1893.0
2024-09-01 14:04:45.030,0 days 01:57:01.111000,44.0,997.7941637866652,0 days 00:01:02.258000,11019.4251008,275.6041706666667,7,100.0,False,0,pos,4233.645224078245,0.7336365638071508,OnTrack,1668.0,3100.0,1892.0
2024-09-01 14:04:45.073,0 days 01:57:01.154000,44.0,997.1491666666652,0 days 00:01:02.301000,11042.0,276.5,7,100.0,False,0,car,4236.993333333336,0.7342167483146257,OnTrack,1664.4677711823574,3063.6628926520216,1891.7681824342656
2024-09-01 14:04:45.250,0 days 01:57:01.331000,44.0,994.6416675733316,0 days 00:01:02.478000,11149.859336,278.7124992,7,100.0,False,0,pos,4250.862789374741,0.7366201476392126,OnTrack,1652.0,2930.0,1891.0
2024-09-01 14:04:45.393,0 days 01:57:01.474000,44.0,992.6158333333316,0 days 00:01:02.621000,11237.0,280.5,7,100.0,False,0,car,4262.148888888892,0.7385758843219316,OnTrack,1641.9825302195334,2817.5362492695435,1890.516256213644
2024-09-01 14:04:45.550,0 days 01:57:01.631000,44.0,990.3916639466652,0 days 00:01:02.778000,11317.07009792,282.85500288,7,100.0,False,0,pos,4274.607538108611,0.7407348088702734,OnTrack,1631.0,2695.0,1890.0
2024-09-01 14:04:45.593,0 days 01:57:01.674000,44.0,989.7824999999984,0 days 00:01:02.821000,11339.0,283.5,7,100.0,False,0,car,4278.03777777778,0.7413292255279594,OnTrack,1628.0500360483416,2663.3310991227004,1889.8384065717944
2024-09-01 14:04:45.750,0 days 01:57:01.831000,44.0,987.7327755699304,0 days 00:01:02.978000,11418.751794332313,285.2881568235945,7,100.0,False,0,pos,4290.638767370843,0.7435128158422935,OnTrack,1616.0,2536.0,1889.0
2024-09-01 14:04:46.029,0 days 01:57:02.110000,44.0,984.0902786076211,0 days 00:01:03.257000,11560.476049716475,288.46583071113173,7,100.0,False,0,pos,4313.278944225748,0.7474360688955615,OnTrack,1585.0,2198.0,1886.0
2024-09-01 14:04:46.032,0 days 01:57:02.113000,44.0,984.0511111111092,0 days 00:01:03.260000,11562.0,288.5,7,100.0,False,0,car,4313.5236111111135,0.7474784665372053,OnTrack,1584.7710872020368,2195.50516468256,1885.97708290258
2024-09-01 14:04:46.352,0 days 01:57:02.433000,44.0,980.3177777777756,0 days 00:01:03.580000,11515.0,292.5,7,100.0,False,0,car,4339.745833333336,0.7520224422338669,OnTrack,1571.4418550046785,2051.77214045914,1885.049802291708
2024-09-01 14:04:46.369,0 days 01:57:02.450000,44.0,980.1241673955532,0 days 00:01:03.597000,11465.518043428572,292.6214281142857,7,100.0,False,0,pos,4341.143674914849,0.7522646702998311,OnTrack,1570.0,2036.0,1885.0
2024-09-01 14:04:46.589,0 days 01:57:02.670000,44.0,977.618611839997,0 days 00:01:03.817000,10825.160900571427,294.1928566857143,7,100.0,False,0,pos,4359.281404175046,0.7554077067767747,OnTrack,1543.0,1740.0,1884.0
2024-09-01 14:04:46.632,0 days 01:57:02.713000,44.0,977.1288888888856,0 days 00:01:03.860000,10700.0,294.5,8,100.0,False,0,car,4362.8458333333365,0.7560253767564769,OnTrack,1538.264141524561,1688.5160450212177,1883.7463912315504
2024-09-01 14:04:46.993,0 days 01:57:03.074000,44.0,973.31833333333,0 days 00:01:04.221000,10724.0,298.5,8,100.0,False,0,car,4393.029444444448,0.7612558104765504,OnTrack,1511.592134451733,1403.3922000916582,1881.2272026342132
2024-09-01 14:04:47.029,0 days 01:57:03.110000,44.0,972.94833333333,0 days 00:01:04.257000,10736.375,298.95,8,100.0,False,0,pos,4396.054211591912,0.7617799639327165,OnTrack,1509.0,1375.0,1881.0
2024-09-01 14:04:47.153,0 days 01:57:03.234000,44.0,971.6738888888858,0 days 00:01:04.381000,10779.0,300.5,8,100.0,False,0,car,4406.496111111114,0.7635894115546663,OnTrack,1499.4943359000465,1269.3204859989155,1880.285142950817
2024-09-01 14:04:47.429,0 days 01:57:03.510000,44.0,968.9905555555532,0 days 00:01:04.657000,10875.6,303.0875,8,100.0,False,0,pos,4429.943859992216,0.7676526065102355,OnTrack,1479.0,1038.0,1879.0
2024-09-01 14:04:47.473,0 days 01:57:03.554000,44.0,968.5627777777754,0 days 00:01:04.701000,10891.0,303.5,8,100.0,False,0,car,4433.696111111114,0.7683028236332372,OnTrack,1476.5980479577147,1011.2440200210978,1878.8198660597257
2024-09-01 14:04:47.833,0 days 01:57:03.914000,44.0,965.2627777777744,0 days 00:01:05.061000,10975.0,305.5,8,100.0,False,0,car,4464.496111111115,0.7736400696633838,OnTrack,1459.8083637682894,831.706252139154,1877.4080729943112
2024-09-01 14:04:47.909,0 days 01:57:03.990000,44.0,964.5872222222188,0 days 00:01:05.137000,10985.925,306.45,8,100.0,False,0,pos,4471.031805368198,0.7747726218785741,OnTrack,1452.0,749.0,1877.0
2024-09-01 14:04:47.993,0 days 01:57:04.074000,44.0,963.840555555552,0 days 00:01:05.221000,10998.0,307.5,8,100.0,False,0,car,4478.2738888888925,0.7760275823175619,OnTrack,1440.79132426294,630.1264122118405,1876.4828460287451
2024-09-01 14:04:48.069,0 days 01:57:04.150000,44.0,963.2072222222188,0 days 00:01:05.297000,11014.014285714286,308.04285714285714,8,100.0,False,0,pos,4484.846163666769,0.777166473469096,OnTrack,1431.0,526.0,1876.0
2024-09-01 14:04:48.273,0 days 01:57:04.354000,44.0,961.5072222222188,0 days 00:01:05.501000,11057.0,309.5,8,100.0,False,0,car,4502.540555555559,0.7802326852504046,OnTrack,1417.773638508001,382.8557027616913,1874.826083257028
2024-09-01 14:04:48.449,0 days 01:57:04.530000,44.0,960.1383333333316,0 days 00:01:05.677000,11113.32,309.5,8,100.0,False,0,pos,4517.791961732565,0.7828755588566504,OnTrack,1409.0,284.0,1874.0
2024-09-01 14:04:48.473,0 days 01:57:04.554000,44.0,959.951666666665,0 days 00:01:05.701000,11121.0,309.5,8,100.0,False,0,car,4519.873888888891,0.7832363302024348,OnTrack,1407.196539397266,263.78846795522173,1873.9035031362052
2024-09-01 14:04:48.713,0 days 01:57:04.794000,44.0,958.2183333333304,0 days 00:01:05.941000,11138.0,310.5,8,100.0,False,0,car,4540.740555555559,0.7868522566254563,OnTrack,1384.0454434204682,6.181906274679648,1873.1099124982763
2024-09-01 14:04:48.749,0 days 01:57:04.830000,44.0,957.9983333333308,0 days 00:01:05.977000,11141.75,310.65,8,100.0,False,0,pos,4543.876526144197,0.7873956802155492,OnTrack,1381.0,-27.0,1873.0
2024-09-01 14:04:48.953,0 days 01:57:05.034000,44.0,956.7516666666652,0 days 00:01:06.181000,11163.0,311.5,8,100.0,False,0,car,4561.673888888891,0.7904797355290623,OnTrack,1367.8687073765952,-165.52526156319144,1872.351324302956
2024-09-01 14:04:49.029,0 days 01:57:05.110000,44.0,956.308333333332,0 days 00:01:06.257000,11148.885714285714,311.77142857142854,8,100.0,False,0,pos,4568.316180220125,0.7916307596536953,OnTrack,1363.0,-218.0,1872.0
2024-09-01 14:04:49.233,0 days 01:57:05.314000,44.0,955.118333333332,0 days 00:01:06.461000,11111.0,312.5,8,100.0,False,0,car,4586.173888888891,0.7947252721439515,OnTrack,1347.315172313268,-393.7727778392959,1870.6220176935049
2024-09-01 14:04:49.309,0 days 01:57:05.390000,44.0,954.7594444444428,0 days 00:01:06.537000,11123.455555555556,312.7111111111111,8,100.0,False,0,pos,4592.835007340138,0.7958795587676607,OnTrack,1341.0,-462.0,1870.0
2024-09-01 14:04:49.429,0 days 01:57:05.510000,44.0,954.192777777776,0 days 00:01:06.657000,11143.122222222222,313.0444444444444,8,100.0,False,0,pos,4603.361433122053,0.7977036537097439,OnTrack,1331.0,-566.0,1869.0
2024-09-01 14:04:49.593,0 days 01:57:05.674000,44.0,953.4183333333312,0 days 00:01:06.821000,11170.0,313.5,8,100.0,False,0,car,4617.773888888892,0.8002011479411149,OnTrack,1318.3082018672774,-704.7106491233557,1868.1709669217712
2024-09-01 14:04:49.630,0 days 01:57:05.711000,44.0,953.2538880355536,0 days 00:01:06.858000,11189.1938496,313.7312512,8,100.0,False,0,pos,4621.030364304119,0.8007654534762509,OnTrack,1315.0,-741.0,1868.0
2024-09-01 14:04:49.753,0 days 01:57:05.834000,44.0,952.7072222222204,0 days 00:01:06.981000,11253.0,314.5,8,100.0,False,0,car,4631.86277777778,0.8026425721713549,OnTrack,1301.974844967548,-882.2860316827533,1867.36127558726
2024-09-01 14:04:49.913,0 days 01:57:05.994000,44.0,952.0405555555526,0 days 00:01:07.141000,11174.0,314.5,8,100.0,False,0,car,4645.95166666667,0.8050839964015951,OnTrack,1283.2847174926872,-1083.444862953866,1866.425641722598
2024-09-01 14:04:49.990,0 days 01:57:06.071000,44.0,951.7624993066636,0 days 00:01:07.218000,11197.420891733333,314.82083413333334,8,100.0,False,0,pos,4652.746575462088,0.8062614671806065,OnTrack,1277.0,-1152.0,1866.0
2024-09-01 14:04:50.153,0 days 01:57:06.234000,44.0,951.1738888888858,0 days 00:01:07.381000,11247.0,315.5,8,100.0,False,0,car,4667.151666666669,0.8087576852275401,OnTrack,1269.8492254705443,-1232.8944659018684,1865.1940828892132
2024-09-01 14:04:50.230,0 days 01:57:06.311000,44.0,950.9386105244412,0 days 00:01:07.458000,11266.250048,315.5,8,100.0,False,0,pos,4673.952428434422,0.8099361702517903,OnTrack,1266.0,-1275.0,1865.0
2024-09-01 14:04:50.353,0 days 01:57:06.434000,44.0,950.5627777777744,0 days 00:01:07.581000,11297.0,315.5,8,100.0,False,0,car,4684.818333333336,0.8118190925824943,OnTrack,1256.3944825081471,-1376.1155096716077,1865.0568330078183
2024-09-01 14:04:50.470,0 days 01:57:06.551000,44.0,950.2377772444416,0 days 00:01:07.698000,11303.2156352,315.8656256,8,100.0,False,0,pos,4695.172151106222,0.8136132767644814,OnTrack,1246.0,-1487.0,1865.0
2024-09-01 14:04:50.650,0 days 01:57:06.731000,44.0,949.7377779555532,0 days 00:01:07.878000,11312.7781216,316.4281248,8,100.0,False,0,pos,4711.132344829421,0.8163789741862186,OnTrack,1232.0,-1645.0,1864.0
2024-09-01 14:04:50.673,0 days 01:57:06.754000,44.0,949.6738888888868,0 days 00:01:07.901000,11314.0,316.5,8,100.0,False,0,car,4713.173888888891,0.8167327476578672,OnTrack,1230.207144819895,-1665.1254162078426,1863.8863185096732
2024-09-01 14:04:50.910,0 days 01:57:06.991000,44.0,949.1472217955532,0 days 00:01:08.138000,11333.091682133334,317.1583338666667,8,100.0,False,0,pos,4734.236996473112,0.8203827147791799,OnTrack,1211.0,-1875.0,1863.0
2024-09-01 14:04:51.033,0 days 01:57:07.114000,44.0,948.8738888888864,0 days 00:01:08.261000,11343.0,317.5,8,100.0,False,0,car,4745.173888888891,0.8222779383385388,OnTrack,1200.7368217084113,-1983.388340326848,1862.2198511488075
2024-09-01 14:04:51.210,0 days 01:57:07.291000,44.0,948.578888995552,0 days 00:01:08.438000,11341.525000533333,317.5,8,100.0,False,0,pos,4760.908060183558,0.8250044689645163,OnTrack,1186.0,-2140.0,1861.0
2024-09-01 14:04:51.273,0 days 01:57:07.354000,44.0,948.4738888888852,0 days 00:01:08.501000,11341.0,317.5,8,100.0,False,0,car,4766.507222222225,0.8259747321256534,OnTrack,1180.885122156922,-2196.642880067923,1860.6995342194632
2024-09-01 14:04:51.450,0 days 01:57:07.531000,44.0,948.2772222933309,0 days 00:01:08.678000,11341.0,317.5,8,100.0,False,0,pos,4782.238947390623,0.8287008388692373,OnTrack,1167.0,-2353.0,1860.0
2024-09-01 14:04:51.473,0 days 01:57:07.554000,44.0,948.2516666666644,0 days 00:01:08.701000,11341.0,317.5,8,100.0,False,0,car,4784.285000000002,0.8290553936149152,OnTrack,1165.2679500391928,-2372.039584756818,1859.880215196996
2024-09-01 14:04:51.610,0 days 01:57:07.691000,44.0,948.1375000533304,0 days 00:01:08.838000,11363.07221191111,317.8805553777778,8,100.0,False,0,pos,4796.484969359171,0.8311694922522572,OnTrack,1154.0,-2494.0,1859.0
2024-09-01 14:04:51.833,0 days 01:57:07.914000,44.0,947.9516666666632,0 days 00:01:09.061000,11399.0,318.5,8,100.0,False,0,car,4816.385000000003,0.8346179130164643,OnTrack,1125.0216217453642,-2810.001750864507,1857.133089616736
2024-09-01 14:04:51.850,0 days 01:57:07.931000,44.0,947.9469444622188,0 days 00:01:09.078000,11397.205562311112,318.5472220444444,8,100.0,False,0,pos,4817.903824241799,0.8348811058299388,OnTrack,1123.0,-2832.0,1857.0
2024-09-01 14:04:52.193,0 days 01:57:08.274000,44.0,947.8516666666636,0 days 00:01:09.421000,11361.0,319.5,8,100.0,False,0,car,4848.585000000003,0.84019776113889,OnTrack,1095.9669835529282,-3123.555826631928,1855.055081748222
2024-09-01 14:04:52.210,0 days 01:57:08.291000,44.0,947.8516666666638,0 days 00:01:09.438000,11361.962260140976,319.5,8,100.0,False,0,pos,4850.105774004232,0.8404612918212544,OnTrack,1095.0,-3134.0,1855.0
2024-09-01 14:04:52.352,0 days 01:57:08.433000,44.0,947.8516666666646,0 days 00:01:09.580000,11370.0,319.5,8,100.0,False,0,car,4862.806666666669,0.8426621940596281,OnTrack,1087.7258367141317,-3213.023512645269,1854.700875183698
2024-09-01 14:04:52.592,0 days 01:57:08.673000,44.0,947.9183333333312,0 days 00:01:09.820000,11447.0,319.5,8,100.0,False,0,car,4884.273333333335,0.8463820928079119,OnTrack,1073.4973717581254,-3367.842604291649,1854.1036746995903
2024-09-01 14:04:52.609,0 days 01:57:08.690000,44.0,947.9324999466646,0 days 00:01:09.837000,11448.770826666669,319.5354165333333,8,100.0,False,0,pos,4885.795674967373,0.8466458951404702,OnTrack,1072.0,-3384.0,1854.0
2024-09-01 14:04:52.849,0 days 01:57:08.930000,44.0,948.1324999466648,0 days 00:01:10.077000,11473.770826666669,320.0354165333333,8,100.0,False,0,pos,4907.322327405243,0.850376188655612,OnTrack,1047.0,-3652.0,1852.0
2024-09-01 14:04:53.072,0 days 01:57:09.153000,44.0,948.3183333333318,0 days 00:01:10.300000,11497.0,320.5,8,100.0,False,0,car,4927.340000000002,0.8538449952656492,OnTrack,1032.1188630225242,-3806.250365769069,1851.0678203496236
2024-09-01 14:04:53.129,0 days 01:57:09.210000,44.0,948.3658332799982,0 days 00:01:10.357000,11490.2312576,316.0,8,100.0,False,0,pos,4932.45372739308,0.8547311388120116,OnTrack,1028.0,-3848.0,1851.0
2024-09-01 14:04:53.309,0 days 01:57:09.390000,44.0,948.5158332799977,0 days 00:01:10.537000,11468.8562576,316.0,8,100.0,False,0,pos,4948.5987264106025,0.8575288606273683,OnTrack,1012.0,-4009.0,1851.0
2024-09-01 14:04:53.392,0 days 01:57:09.473000,44.0,948.5849999999972,0 days 00:01:10.620000,11459.0,316.0,8,100.0,False,0,car,4956.051111111114,0.8588202635708075,OnTrack,1004.3275637827112,-4085.087258824703,1850.76555291772
2024-09-01 14:04:53.529,0 days 01:57:09.610000,44.0,948.7372222116196,0 days 00:01:10.757000,11411.347829405348,316.85093161776166,8,100.0,False,0,pos,4968.374355290718,0.8609557241576944,OnTrack,992.0,-4206.0,1850.0
2024-09-01 14:04:53.553,0 days 01:57:09.634000,44.0,948.7638888888868,0 days 00:01:10.781000,11403.0,317.0,8,100.0,False,0,car,4970.541111111113,0.8613311952258991,OnTrack,989.9352425869672,-4226.149512103024,1849.8304149044743
2024-09-01 14:04:53.793,0 days 01:57:09.874000,44.0,949.1638888888864,0 days 00:01:11.021000,11089.0,315.0,8,62.0,False,0,car,4992.00777777778,0.865051093974183,OnTrack,966.3998761150054,-4436.615701187224,1848.0536630648369
2024-09-01 14:04:53.809,0 days 01:57:09.890000,44.0,949.3905555555532,0 days 00:01:11.037000,11032.4,313.28,8,59.52,False,0,pos,4993.368969602231,0.8652869711060442,OnTrack,964.0,-4455.0,1848.0
2024-09-01 14:04:54.029,0 days 01:57:10.110000,44.0,952.50722222222,0 days 00:01:11.257000,10254.15,289.63,8,25.42,False,0,pos,5010.901796893106,0.8683251858091438,OnTrack,923.0,-4743.0,1848.0
2024-09-01 14:04:54.193,0 days 01:57:10.274000,44.0,954.8305555555536,0 days 00:01:11.421000,9674.0,272.0,8,0.0,False,0,car,5023.00777777778,0.8704229974460836,OnTrack,901.7277908960934,-4872.427106028217,1847.4522207378864
2024-09-01 14:04:54.509,0 days 01:57:10.590000,44.0,962.4672222222212,0 days 00:01:11.737000,10117.98,245.14,8,0.0,False,0,pos,5044.794722729202,0.8741983963243627,OnTrack,871.0,-5001.0,1846.0
2024-09-01 14:04:54.529,0 days 01:57:10.610000,44.0,962.9505555555544,0 days 00:01:11.757000,10146.08,243.44,8,0.0,False,0,pos,5046.1027140216975,0.8744250544845361,OnTrack,868.0,-5014.0,1846.0
2024-09-01 14:04:54.593,0 days 01:57:10.674000,44.0,964.4972222222214,0 days 00:01:11.821000,10236.0,238.0,7,0.0,False,0,car,5050.230000000001,0.875140260351516,OnTrack,856.6396081777177,-5058.304494134394,1845.878421238289
2024-09-01 14:04:54.753,0 days 01:57:10.834000,44.0,969.2972222222216,0 days 00:01:11.981000,10376.0,217.0,6,0.0,True,0,car,5060.185555555557,0.8768654307855027,OnTrack,817.104240899379,-5183.960558304482,1844.7574348400003
2024-09-01 14:04:54.889,0 days 01:57:10.970000,44.0,973.7549999999994,0 days 00:01:12.117000,10516.371428571429,212.62857142857143,6,0.4857142857142857,True,0,pos,5068.352303047216,0.8782806236630698,OnTrack,784.0,-5276.0,1844.0
2024-09-01 14:04:55.033,0 days 01:57:11.114000,44.0,978.4749999999996,0 days 00:01:12.261000,10665.0,208.0,5,1.0,True,0,car,5076.907777777779,0.87976317799884,OnTrack,755.0426072181392,-5345.118837514554,1843.8723185565452
2024-09-01 14:04:55.193,0 days 01:57:11.274000,44.0,983.7194444444422,0 days 00:01:12.421000,10435.0,208.0,5,5.0,True,0,car,5086.463333333336,0.8814190335493185,OnTrack,724.7692570377227,-5400.201099710223,1844.1252710624549
2024-09-01 14:04:55.269,0 days 01:57:11.350000,44.0,986.4427777777756,0 days 00:01:12.497000,10354.566666666668,204.83333333333331,5,6.583333333333334,True,0,pos,5090.879205135056,0.882184247648129,OnTrack,706.0,-5430.0,1844.0
2024-09-01 14:04:55.433,0 days 01:57:11.514000,44.0,992.3194444444424,0 days 00:01:12.661000,10181.0,198.0,5,10.0,False,0,car,5100.130000000002,0.8837872920691885,OnTrack,655.157438051107,-5503.38025320034,1843.1967188913568
2024-09-01 14:04:55.509,0 days 01:57:11.590000,44.0,995.190555555554,0 days 00:01:12.737000,10132.866666666669,195.78333333333333,5,10.0,False,0,pos,5104.337657901526,0.8845164253624067,OnTrack,628.0,-5536.0,1843.0
2024-09-01 14:04:55.549,0 days 01:57:11.630000,44.0,996.7016666666652,0 days 00:01:12.777000,10107.533333333333,194.61666666666667,5,10.0,False,0,pos,5106.533104386296,0.8848968681557587,OnTrack,613.0,-5552.0,1843.0
2024-09-01 14:04:55.673,0 days 01:57:11.754000,44.0,1001.38611111111,0 days 00:01:12.901000,10029.0,191.0,5,10.0,False,0,car,5113.330000000002,0.8860746832249655,OnTrack,564.1830687743841,-5599.686885114326,1843.0921864523425
2024-09-01 14:04:55.809,0 days 01:57:11.890000,44.0,1006.5616666666652,0 days 00:01:13.037000,10063.85,191.0,5,10.0,False,0,pos,5120.813286909383,0.8873714411259247,OnTrack,508.0,-5647.0,1843.0
2024-09-01 14:04:55.833,0 days 01:57:11.914000,44.0,1007.4749999999984,0 days 00:01:13.061000,10070.0,191.0,5,10.0,False,0,car,5122.130000000002,0.8875996106621503,OnTrack,497.95094560188886,-5654.56393348757,1842.9262458292808
2024-09-01 14:04:56.070,0 days 01:57:12.151000,44.0,1016.6916741333318,0 days 00:01:13.298000,10133.2000512,189.68333226666667,5,39.508343466666666,False,0,pos,5135.027501983089,0.8898345827809178,OnTrack,388.0,-5720.0,1842.0
2024-09-01 14:04:56.193,0 days 01:57:12.274000,44.0,1021.4749999999984,0 days 00:01:13.421000,10166.0,189.0,5,46.0,False,0,car,5141.730000000002,0.8909960399540617,OnTrack,310.2334581752731,-5752.517024758577,1842.493875006229
2024-09-01 14:04:56.290,0 days 01:57:12.371000,44.0,1025.1933308799987,0 days 00:01:13.518000,10223.160676571428,190.03928502857144,5,59.16427702857143,False,0,pos,5147.04709277338,0.8919174241195368,OnTrack,247.0,-5774.0,1843.0
2024-09-01 14:04:56.473,0 days 01:57:12.554000,44.0,1032.208333333332,0 days 00:01:13.701000,10331.0,192.0,5,84.0,False,0,car,5157.20777777778,0.8936781408631504,OnTrack,141.703470510695,-5796.653868953674,1843.306744518161
2024-09-01 14:04:56.730,0 days 01:57:12.811000,44.0,1041.4174977066652,0 days 00:01:13.958000,10754.336005688889,197.71110968888888,5,95.42221937777778,False,0,pos,5171.929186957204,0.8962291727690284,OnTrack,14.0,-5801.0,1843.0
2024-09-01 14:04:56.833,0 days 01:57:12.914000,44.0,1045.1083333333318,0 days 00:01:14.061000,10924.0,200.0,5,100.0,False,0,car,5177.90777777778,0.8972651860847101,OnTrack,-35.14384219113293,-5798.84925138874,1842.930942942068
2024-09-01 14:04:56.990,0 days 01:57:13.071000,44.0,1050.5161177244431,0 days 00:01:14.218000,11094.34520832,207.64000384,5,100.0,False,0,pos,5187.078311987604,0.898854322360869,OnTrack,-113.0,-5790.0,1843.0
2024-09-01 14:04:57.033,0 days 01:57:13.114000,44.0,1051.9972222222214,0 days 00:01:14.261000,11141.0,208.5,5,100.0,False,0,car,5189.630000000002,0.8992964972541921,OnTrack,-136.3924965311951,-5785.991632325486,1843.0860980830396
2024-09-01 14:04:57.273,0 days 01:57:13.354000,44.0,1059.6638888888874,0 days 00:01:14.501000,11475.0,216.5,5,100.0,False,0,car,5204.230000000002,0.9018264905022486,OnTrack,-279.36718130974134,-5751.191053349508,1843.8931476725488
2024-09-01 14:04:57.330,0 days 01:57:13.411000,44.0,1061.4055535999985,0 days 00:01:14.558000,11510.466626844443,217.29166577777775,5,100.0,False,0,pos,5207.735205560541,0.9024338977900028,OnTrack,-313.0,-5740.0,1844.0
2024-09-01 14:04:57.550,0 days 01:57:13.631000,44.0,1068.127783644443,0 days 00:01:14.778000,11647.35567502222,220.3472248888889,5,100.0,False,0,pos,5221.374623114136,0.9047974343871272,OnTrack,-438.0,-5687.0,1844.0
2024-09-01 14:04:57.610,0 days 01:57:13.691000,44.0,1069.961109155554,0 days 00:01:14.838000,11684.688849066666,221.1805546666667,5,100.0,False,0,pos,5225.166379998402,0.90545449735394,OnTrack,-472.0,-5670.0,1844.0
2024-09-01 14:04:57.633,0 days 01:57:13.714000,44.0,1070.6638888888874,0 days 00:01:14.861000,11699.0,221.5,5,100.0,False,0,car,5226.630000000002,0.9057081239787188,OnTrack,-485.55543412784345,-5662.800666979003,1844.0192528751545
2024-09-01 14:04:57.910,0 days 01:57:13.991000,44.0,1078.204449671111,0 days 00:01:15.138000,11613.3030656,230.156256,5,100.0,False,0,pos,5244.619702393625,0.9088255092931306,OnTrack,-661.0,-5552.0,1845.0
2024-09-01 14:04:57.953,0 days 01:57:14.034000,44.0,1079.375,0 days 00:01:15.181000,11600.0,231.5,5,100.0,False,0,car,5247.430000000001,0.9093124979211552,OnTrack,-685.0155090878125,-5534.095385203469,1845.1934022626929
2024-09-01 14:04:58.113,0 days 01:57:14.194000,44.0,1083.6416666666664,0 days 00:01:15.341000,10770.0,233.5,6,100.0,False,0,car,5257.91888888889,0.91113008819982,OnTrack,-764.598968904502,-5467.338734171377,1845.8741540880528
2024-09-01 14:04:58.170,0 days 01:57:14.251000,44.0,1085.034998435555,0 days 00:01:15.398000,10822.7249408,235.16249813333332,6,100.0,False,0,pos,5261.71914390507,0.9117886237841918,OnTrack,-792.0,-5442.0,1846.0
2024-09-01 14:04:58.330,0 days 01:57:14.411000,44.0,1088.9461095466656,0 days 00:01:15.558000,10970.7249408,239.8291648,6,100.0,False,0,pos,5272.554931857627,0.9136663272333244,OnTrack,-868.0,-5366.0,1846.0
2024-09-01 14:04:58.353,0 days 01:57:14.434000,44.0,1089.5083333333323,0 days 00:01:15.581000,10992.0,240.5,6,100.0,False,0,car,5274.118888888891,0.91393734098191,OnTrack,-878.4241912225331,-5354.871694675056,1845.9866751791271
2024-09-01 14:04:58.570,0 days 01:57:14.651000,44.0,1094.5716651733337,0 days 00:01:15.798000,11142.9957888,243.2124992,6,100.0,False,0,pos,5288.934979144723,0.916504779907242,OnTrack,-973.0,-5243.0,1846.0
2024-09-01 14:04:58.593,0 days 01:57:14.674000,44.0,1095.1083333333336,0 days 00:01:15.821000,11159.0,243.5,6,100.0,False,0,car,5290.518888888891,0.9167792512057542,OnTrack,-983.4959355433772,-5229.1401830439145,1846.051586154561
2024-09-01 14:04:58.830,0 days 01:57:14.911000,44.0,1100.2433374933328,0 days 00:01:16.058000,11296.967968914283,247.7321462857143,6,100.0,False,0,pos,5307.020132295227,0.919638705616889,OnTrack,-1092.0,-5072.0,1847.0
2024-09-01 14:04:58.873,0 days 01:57:14.954000,44.0,1101.1749999999993,0 days 00:01:16.101000,11322.0,248.5,6,100.0,False,0,car,5310.0411111111125,0.92016220260365,OnTrack,-1108.5410373563602,-5045.719466884991,1847.145182287574
2024-09-01 14:04:59.152,0 days 01:57:15.233000,44.0,1106.755,0 days 00:01:16.380000,11431.0,252.5,6,100.0,False,0,car,5329.803611111112,0.9235867910669866,OnTrack,-1190.7420466797505,-4894.511770227319,1847.7734334102008
2024-09-01 14:04:59.229,0 days 01:57:15.310000,44.0,1108.2308321066664,0 days 00:01:16.457000,11461.7999744,253.4624992,6,100.0,False,0,pos,5335.299750809932,0.9245392017744104,OnTrack,-1212.0,-4849.0,1848.0
2024-09-01 14:04:59.392,0 days 01:57:15.473000,44.0,1111.3549999999989,0 days 00:01:16.620000,11527.0,255.5,6,100.0,False,0,car,5347.003611111113,0.9265673310578478,OnTrack,-1258.337823419816,-4742.324745518727,1848.6626685607837
2024-09-01 14:04:59.449,0 days 01:57:15.530000,44.0,1112.3683321955543,0 days 00:01:16.677000,11493.6143232,256.3142848,6,100.0,False,0,pos,5351.124943101382,0.92728150517486,OnTrack,-1274.0,-4704.0,1849.0
2024-09-01 14:04:59.589,0 days 01:57:15.670000,44.0,1114.8572210844434,0 days 00:01:16.817000,11411.6143232,258.3142848,6,100.0,False,0,pos,5361.309553859903,0.9290463679456232,OnTrack,-1310.0,-4610.0,1850.0
2024-09-01 14:04:59.672,0 days 01:57:15.753000,44.0,1116.3327777777768,0 days 00:01:16.900000,11363.0,259.5,6,100.0,False,0,car,5367.381388888891,0.9300985392899144,OnTrack,-1329.5408998367668,-4553.1011572337065,1850.4069914059796
2024-09-01 14:04:59.849,0 days 01:57:15.930000,44.0,1119.086110554989,0 days 00:01:17.077000,11022.683360508068,261.26558567829795,6,100.0,False,0,pos,5380.407328734339,0.9323557680473508,OnTrack,-1367.0,-4429.0,1851.0
2024-09-01 14:05:00.029,0 days 01:57:16.110000,44.0,1121.8861110018725,0 days 00:01:17.257000,10676.598517242655,263.0610971868085,6,100.0,False,0,pos,5393.742440019718,0.9346665722606444,OnTrack,-1400.0,-4301.0,1852.0
2024-09-01 14:05:00.073,0 days 01:57:16.154000,44.0,1122.570555555555,0 days 00:01:17.301000,10592.0,263.5,7,100.0,False,0,car,5397.010833333335,0.9352329430151272,OnTrack,-1407.280445369527,-4269.495889950924,1852.2751183262017
2024-09-01 14:05:00.189,0 days 01:57:16.270000,44.0,1123.9238888888888,0 days 00:01:17.417000,10652.9,264.5875,7,100.0,False,0,pos,5405.643681664165,0.93672890520612,OnTrack,-1425.0,-4186.0,1853.0
2024-09-01 14:05:00.393,0 days 01:57:16.474000,44.0,1126.3038888888896,0 days 00:01:17.621000,10760.0,266.5,7,100.0,False,0,car,5420.921944444445,0.9393764327181844,OnTrack,-1451.0672716446536,-4036.885142189391,1853.9461588757515
2024-09-01 14:05:00.429,0 days 01:57:16.510000,44.0,1125.7938888888896,0 days 00:01:17.657000,10774.123076923075,266.9153846153846,7,100.0,False,0,pos,5423.638431158357,0.939847165118502,OnTrack,-1455.0,-4010.0,1854.0
2024-09-01 14:05:00.509,0 days 01:57:16.590000,44.0,1124.660555555556,0 days 00:01:17.737000,10805.507692307692,267.8384615384616,7,100.0,False,0,pos,5429.697462083987,0.9408971176754616,OnTrack,-1463.0,-3950.0,1854.0
2024-09-01 14:05:00.869,0 days 01:57:16.950000,44.0,1119.5605555555553,0 days 00:01:18.097000,10946.738461538462,271.9923076923077,7,100.0,False,0,pos,5457.260272791204,0.945673400208798,OnTrack,-1486.0,-3699.0,1855.0
2024-09-01 14:05:00.913,0 days 01:57:16.994000,44.0,1118.937222222222,0 days 00:01:18.141000,10964.0,272.5,7,100.0,False,0,car,5460.644166666668,0.9462597857332544,OnTrack,-1487.850461571199,-3665.912448691693,1855.291313222996
2024-09-01 14:05:01.029,0 days 01:57:17.110000,44.0,1115.9727777777778,0 days 00:01:18.257000,11006.4125,273.5875,7,100.0,False,0,pos,5469.576288829542,0.9478076082512604,OnTrack,-1492.0,-3576.0,1856.0
2024-09-01 14:05:01.229,0 days 01:57:17.310000,44.0,1110.8616666666671,0 days 00:01:18.457000,11079.5375,275.4625,7,100.0,False,0,pos,5485.044453396813,0.9504880433139334,OnTrack,-1497.0,-3422.0,1856.0
2024-09-01 14:05:01.233,0 days 01:57:17.314000,44.0,1110.7594444444449,0 days 00:01:18.461000,11081.0,275.5,7,100.0,False,0,car,5485.355277777779,0.9505419052033288,OnTrack,-1497.068660141394,-3418.9046593124503,1856.0083027167177
2024-09-01 14:05:01.429,0 days 01:57:17.510000,44.0,1104.389444444444,0 days 00:01:18.657000,11179.0,278.44,7,100.0,False,0,pos,5500.653043184433,0.9531928122710814,OnTrack,-1499.0,-3266.0,1857.0
2024-09-01 14:05:01.433,0 days 01:57:17.514000,44.0,1104.259444444444,0 days 00:01:18.661000,11181.0,278.5,7,100.0,False,0,car,5500.96638888889,0.953247111073587,OnTrack,-1499.0162051415682,-3262.86352812968,1857.0194709059256
2024-09-01 14:05:01.633,0 days 01:57:17.714000,44.0,1096.592777777777,0 days 00:01:18.861000,11225.0,280.5,7,100.0,False,0,car,5516.688611111113,0.9559715710781532,OnTrack,-1499.0198861068864,-3105.589747020772,1857.890726836348
2024-09-01 14:05:01.649,0 days 01:57:17.730000,44.0,1095.9083333333326,0 days 00:01:18.877000,11226.0,280.7,7,100.0,False,0,pos,5517.95145871246,0.9561904064140936,OnTrack,-1499.0,-3093.0,1858.0
2024-09-01 14:05:01.793,0 days 01:57:17.874000,44.0,1089.748333333333,0 days 00:01:19.021000,11235.0,282.5,7,100.0,False,0,car,5529.355277777779,0.9581665423892524,OnTrack,-1498.8152595890156,-2979.7290566817,1859.3763456710308
2024-09-01 14:05:01.889,0 days 01:57:17.970000,44.0,1085.295,0 days 00:01:19.117000,11235.0,283.7,7,100.0,False,0,pos,5537.0024477243705,0.9594916991242944,OnTrack,-1498.0,-2904.0,1860.0
2024-09-01 14:05:01.953,0 days 01:57:18.034000,44.0,1082.3261111111117,0 days 00:01:19.181000,11235.0,284.5,7,100.0,False,0,car,5542.110833333334,0.9603769170077976,OnTrack,-1496.9212541551983,-2853.334824259536,1860.0573498792855
2024-09-01 14:05:02.049,0 days 01:57:18.130000,44.0,1077.6061111111112,0 days 00:01:19.277000,11299.32,284.98,7,100.0,False,0,pos,5549.777722485552,0.961705490828942,OnTrack,-1495.0,-2777.0,1860.0
2024-09-01 14:05:02.153,0 days 01:57:18.234000,44.0,1072.4927777777775,0 days 00:01:19.381000,11369.0,285.5,7,100.0,False,0,car,5558.110833333334,0.9631495123481336,OnTrack,-1493.4331096784786,-2693.721987785675,1860.4733989101892
2024-09-01 14:05:02.249,0 days 01:57:18.330000,44.0,1067.3994444444445,0 days 00:01:19.477000,11408.466666666667,286.56666666666666,7,100.0,False,0,pos,5565.849527828562,0.964490529116743,OnTrack,-1492.0,-2617.0,1861.0
2024-09-01 14:05:02.513,0 days 01:57:18.594000,44.0,1053.392777777778,0 days 00:01:19.741000,11517.0,289.5,7,100.0,False,0,car,5587.310833333334,0.9682094988442465,OnTrack,-1485.8215547278403,-2409.613107028443,1861.52221844678
2024-09-01 14:05:02.569,0 days 01:57:18.650000,44.0,1050.2350000000004,0 days 00:01:19.797000,11453.02,289.92,7,100.0,False,0,pos,5591.880950081316,0.9690014416192616,OnTrack,-1484.0,-2366.0,1862.0
2024-09-01 14:05:02.650,0 days 01:57:18.731000,44.0,1045.667503608889,0 days 00:01:19.878000,11360.47757312,290.52749952,7,100.0,False,0,pos,5598.5008087127735,0.9701485784439656,OnTrack,-1481.0,-2301.0,1863.0
2024-09-01 14:05:02.913,0 days 01:57:18.994000,44.0,1030.8372222222224,0 days 00:01:20.141000,11060.0,292.5,7,100.0,False,0,car,5620.088611111112,0.9738894684650734,OnTrack,-1468.7009876562438,-2022.9750624365952,1864.9235150859445
2024-09-01 14:05:02.930,0 days 01:57:19.011000,44.0,1029.8172260622223,0 days 00:01:20.158000,11041.763705018182,292.6159086545455,7,100.0,False,0,pos,5621.489907794895,0.9741322952560664,OnTrack,-1468.0,-2008.0,1865.0
2024-09-01 14:05:03.230,0 days 01:57:19.311000,44.0,1011.817210702222,0 days 00:01:20.458000,10719.945248581818,294.6613649454545,7,100.0,False,0,pos,5646.3227945491935,0.9784355168874446,OnTrack,-1458.0,-1827.0,1866.0
2024-09-01 14:05:03.353,0 days 01:57:19.434000,44.0,1004.437222222222,0 days 00:01:20.581000,10588.0,295.5,8,100.0,False,0,car,5656.510833333335,0.9802009736911992,OnTrack,-1452.912714892385,-1742.679779590564,1866.562000827148
2024-09-01 14:05:03.513,0 days 01:57:19.594000,44.0,994.748333333333,0 days 00:01:20.741000,10556.0,295.5,8,100.0,False,0,car,5669.755277777779,0.9824960665006992,OnTrack,-1444.5630684120017,-1608.8428244872773,1867.4638593957889
2024-09-01 14:05:03.610,0 days 01:57:19.691000,44.0,988.7936150399996,0 days 00:01:20.838000,10609.3499648,296.1062496,8,100.0,False,0,pos,5677.809279809124,0.9838917220321473,OnTrack,-1438.0,-1513.0,1868.0
2024-09-01 14:05:03.810,0 days 01:57:19.891000,44.0,976.515837262222,0 days 00:01:21.038000,10719.3499648,297.3562496,8,100.0,False,0,pos,5694.495220701675,0.9867831821551348,OnTrack,-1422.0,-1295.0,1869.0
2024-09-01 14:05:03.833,0 days 01:57:19.914000,44.0,975.1038888888888,0 days 00:01:21.061000,10732.0,297.5,8,100.0,False,0,car,5696.421944444446,0.9871170587345924,OnTrack,-1420.3557818397703,-1272.897220319927,1869.093038920526
2024-09-01 14:05:04.110,0 days 01:57:20.191000,44.0,957.9452658844456,0 days 00:01:21.338000,10794.3250432,300.4678592,8,100.0,False,0,pos,5719.7354998403225,0.991156999675672,OnTrack,-1405.0,-1067.0,1870.0
2024-09-01 14:05:04.113,0 days 01:57:20.194000,44.0,957.7594444444458,0 days 00:01:21.341000,10795.0,300.5,8,100.0,False,0,car,5719.988611111112,0.9912008606212952,OnTrack,-1404.8558534689068,-1065.0672902082254,1870.0119283797812
2024-09-01 14:05:04.353,0 days 01:57:20.434000,44.0,942.4261111111118,0 days 00:01:21.581000,10863.0,301.5,8,100.0,False,0,car,5740.255277777779,0.994712814719054,OnTrack,-1393.0624784020945,-910.9247853038386,1870.976188230106
2024-09-01 14:05:04.370,0 days 01:57:20.451000,44.0,941.3305596800008,0 days 00:01:21.598000,10861.5125056,301.5,8,100.0,False,0,pos,5741.690203720741,0.994961469030503,OnTrack,-1392.0,-898.0,1871.0
2024-09-01 14:05:04.510,0 days 01:57:20.591000,44.0,932.3083209600009,0 days 00:01:21.738000,10849.2624832,301.5,8,100.0,False,0,pos,5753.512487851452,0.9970101196488113,OnTrack,-1382.0,-780.0,1871.0
2024-09-01 14:05:04.513,0 days 01:57:20.594000,44.0,932.1150000000008,0 days 00:01:21.741000,10849.0,301.5,8,100.0,False,0,car,5753.76638888889,0.9970541174508932,OnTrack,-1381.780813158115,-777.4187035509023,1871.0028024876472
2024-09-01 14:05:04.517,0 days 01:57:20.598000,44.0,932.1150000000008,0 days 00:01:21.745000,10849.24,301.54,8,100.0,False,0,interpolation,5754.104995330482,0.9971127936160286,OnTrack,-1381.4888093091274,-773.9784868444359,1871.0069212797987
